datetime,hour,weekday,day,is_weekend,is_holiday,temperature,weather,orders_total,region_A_orders,region_B_orders,region_C_orders,region_D_orders,region_E_orders
2024-01-01 00:00:00,0,0,1,0,1,26.4901424590337,1,53,27,10,4,10,2
2024-01-01 01:00:00,1,0,1,0,1,24.672472451470185,0,30,17,6,5,1,1
2024-01-01 02:00:00,2,0,1,0,1,27.117589678674914,2,15,2,4,7,1,1
2024-01-01 03:00:00,3,0,1,0,1,29.830859052302806,1,12,3,2,5,2,0
2024-01-01 04:00:00,4,0,1,0,1,24.646534842855004,0,11,3,3,4,1,0
2024-01-01 05:00:00,5,0,1,0,1,24.73378300280582,1,29,12,4,8,1,4
2024-01-01 06:00:00,6,0,1,0,1,30.26099800895161,0,65,35,8,2,18,2
2024-01-01 07:00:00,7,0,1,0,1,27.912789582807296,0,78,18,3,21,25,11
2024-01-01 08:00:00,8,0,1,0,1,24.2891415796364,2,67,28,24,8,2,5
2024-01-01 09:00:00,9,0,1,0,1,27.412271088036345,0,126,19,29,56,12,10
2024-01-01 10:00:00,10,0,1,0,1,24.481304349039196,0,152,31,12,92,16,1
2024-01-01 11:00:00,11,0,1,0,1,24.561268264491467,2,235,100,57,53,11,14
2024-01-01 12:00:00,12,0,1,0,1,26.771171447374638,1,242,139,49,17,21,16
2024-01-01 13:00:00,13,0,1,0,1,20.392191403705674,0,247,84,51,50,46,16
2024-01-01 14:00:00,14,0,1,0,1,21.043939936512373,0,160,28,48,69,10,5
2024-01-01 15:00:00,15,0,1,0,1,24.618399334477598,0,124,39,38,15,17,15
2024-01-01 16:00:00,16,0,1,0,1,23.353237648597382,1,122,9,24,46,37,6
2024-01-01 17:00:00,17,0,1,0,1,27.420836109081925,0,131,23,14,57,6,31
2024-01-01 18:00:00,18,0,1,0,1,23.840272423838677,0,206,78,47,53,22,6
2024-01-01 19:00:00,19,0,1,0,1,22.4135649546009,3,191,54,48,26,25,38
2024-01-01 20:00:00,20,0,1,0,1,31.133428083433966,1,227,41,59,71,36,20
2024-01-01 21:00:00,21,0,1,0,1,26.14502635346187,0,191,17,18,74,63,19
2024-01-01 22:00:00,22,0,1,0,1,27.110674567829218,1,116,21,47,5,1,42
2024-01-01 23:00:00,23,0,1,0,1,22.719434785531604,1,64,34,6,19,5,0
2024-01-02 00:00:00,0,1,2,0,0,25.445968734602044,0,31,14,5,4,3,5
2024-01-02 01:00:00,1,1,2,0,0,27.49716390851063,0,17,2,0,13,2,0
2024-01-02 02:00:00,2,1,2,0,0,23.79652981117174,2,12,5,4,2,1,0
2024-01-02 03:00:00,3,1,2,0,0,28.46154769359607,0,2,2,0,0,0,0
2024-01-02 04:00:00,4,1,2,0,0,25.61730288624026,1,14,0,6,2,2,4
2024-01-02 05:00:00,5,1,2,0,0,26.628718791164587,0,26,11,8,3,0,4
2024-01-02 06:00:00,6,1,2,0,0,25.783070614337014,0,36,17,9,4,1,5
2024-01-02 07:00:00,7,1,2,0,0,33.229218314309385,0,57,17,7,19,12,2
2024-01-02 08:00:00,8,1,2,0,0,27.71588188395619,0,77,32,0,18,26,1
2024-01-02 09:00:00,9,1,2,0,0,24.667020660171527,0,95,32,20,20,9,14
2024-01-02 10:00:00,10,1,2,0,0,30.391351783536933,0,96,29,11,15,10,31
2024-01-02 11:00:00,11,1,2,0,0,24.344527045129666,2,166,38,36,28,19,45
2024-01-02 12:00:00,12,1,2,0,0,28.716760728763738,3,132,55,17,40,5,15
2024-01-02 13:00:00,13,1,2,0,0,22.294036192411596,1,174,62,13,50,30,19
2024-01-02 14:00:00,14,1,2,0,0,24.271123397876273,2,105,21,16,23,22,23
2024-01-02 15:00:00,15,1,2,0,0,28.928652299945078,0,87,14,32,30,3,8
2024-01-02 16:00:00,16,1,2,0,0,30.635601173242918,3,55,31,18,4,2,0
2024-01-02 17:00:00,17,1,2,0,0,29.016178656164584,0,108,57,13,11,13,14
2024-01-02 18:00:00,18,1,2,0,0,28.23673464828828,3,100,52,21,20,6,1
2024-01-02 19:00:00,19,1,2,0,0,27.761701180475104,4,108,6,25,41,23,13
2024-01-02 20:00:00,20,1,2,0,0,24.310499963056838,1,159,22,30,26,6,75
2024-01-02 21:00:00,21,1,2,0,0,26.667301698466773,3,89,41,15,13,13,7
2024-01-02 22:00:00,22,1,2,0,0,27.525394972013373,1,93,8,12,17,52,4
2024-01-02 23:00:00,23,1,2,0,0,32.15885736790921,0,58,5,13,9,31,0
2024-01-03 00:00:00,0,2,3,0,0,30.098221299463383,0,26,5,8,11,2,0
2024-01-03 01:00:00,1,2,3,0,0,23.857811960474187,1,26,4,6,1,6,9
2024-01-03 02:00:00,2,2,3,0,0,30.19843452559138,0,11,4,3,1,1,2
2024-01-03 03:00:00,3,2,3,0,0,28.149864126834,1,10,2,4,3,1,0
2024-01-03 04:00:00,4,2,3,0,0,27.3529454669729,3,5,2,0,1,2,0
2024-01-03 05:00:00,5,2,3,0,0,31.297006997620688,0,19,9,3,1,5,1
2024-01-03 06:00:00,6,2,3,0,0,32.63290356488332,1,35,11,8,9,4,3
2024-01-03 07:00:00,7,2,3,0,0,32.411326489698936,2,49,19,21,0,9,0
2024-01-03 08:00:00,8,2,3,0,0,27.177063058190992,2,66,25,3,16,20,2
2024-01-03 09:00:00,9,2,3,0,0,28.84395047504244,3,53,30,5,16,0,2
2024-01-03 10:00:00,10,2,3,0,0,30.84188649667406,1,119,31,19,28,12,29
2024-01-03 11:00:00,11,2,3,0,0,32.850870982401744,3,105,49,12,13,17,14
2024-01-03 12:00:00,12,2,3,0,0,28.56247728646413,1,195,90,20,38,31,16
2024-01-03 13:00:00,13,2,3,0,0,29.51840669961559,0,175,69,31,43,20,12
2024-01-03 14:00:00,14,2,3,0,0,26.831375827082457,0,88,41,5,16,12,14
2024-01-03 15:00:00,15,2,3,0,0,26.636365774917476,1,104,20,33,14,36,1
2024-01-03 16:00:00,16,2,3,0,0,32.736770109514644,0,61,21,16,8,2,14
2024-01-03 17:00:00,17,2,3,0,0,34.44171616918071,1,97,25,22,17,5,28
2024-01-03 18:00:00,18,2,3,0,0,30.23035998540927,1,132,72,8,22,23,7
2024-01-03 19:00:00,19,2,3,0,0,33.52996854679665,0,199,55,55,33,20,36
2024-01-03 20:00:00,20,2,3,0,0,31.67683710985037,1,180,36,60,27,19,38
2024-01-03 21:00:00,21,2,3,0,0,28.728703105432956,1,131,22,23,31,47,8
2024-01-03 22:00:00,22,2,3,0,0,31.819951180035705,0,89,15,11,49,13,1
2024-01-03 23:00:00,23,2,3,0,0,35.0,0,56,30,12,9,0,5
2024-01-04 00:00:00,0,3,4,0,0,30.77037440559488,0,25,6,10,7,2,0
2024-01-04 01:00:00,1,3,4,0,0,35.0,0,17,4,1,1,3,8
2024-01-04 02:00:00,2,3,4,0,0,23.158914919251252,2,9,4,3,2,0,0
2024-01-04 03:00:00,3,3,4,0,0,33.553321803212874,0,7,3,1,3,0,0
2024-01-04 04:00:00,4,3,4,0,0,31.417755957971096,1,12,6,4,1,1,0
2024-01-04 05:00:00,5,3,4,0,0,30.328124314978595,0,13,3,1,2,5,2
2024-01-04 06:00:00,6,3,4,0,0,31.568486240104882,0,42,31,0,0,1,10
2024-01-04 07:00:00,7,3,4,0,0,25.398075458974958,2,46,9,13,8,1,15
2024-01-04 08:00:00,8,3,4,0,0,30.768860433352856,1,78,14,22,27,8,7
2024-01-04 09:00:00,9,3,4,0,0,32.565818197837075,0,84,18,5,38,18,5
2024-01-04 10:00:00,10,3,4,0,0,35.0,0,81,21,14,30,15,1
2024-01-04 11:00:00,11,3,4,0,0,30.071389827336432,0,170,39,41,50,9,31
2024-01-04 12:00:00,12,3,4,0,0,29.26582525490902,0,173,26,59,66,20,2
2024-01-04 13:00:00,13,3,4,0,0,30.250630945402992,1,173,60,66,38,9,0
2024-01-04 14:00:00,14,3,4,0,0,34.56618995373121,0,110,36,31,13,16,14
2024-01-04 15:00:00,15,3,4,0,0,32.8697990859166,0,76,17,1,21,27,10
2024-01-04 16:00:00,16,3,4,0,0,30.357303093288856,0,100,21,22,19,11,27
2024-01-04 17:00:00,17,3,4,0,0,33.54889494233858,2,87,44,5,16,8,14
2024-01-04 18:00:00,18,3,4,0,0,32.3623004599096,4,86,31,41,10,4,0
2024-01-04 19:00:00,19,3,4,0,0,35.0,0,227,68,32,105,22,0
2024-01-04 20:00:00,20,3,4,0,0,30.087238721754456,1,175,81,8,11,73,2
2024-01-04 21:00:00,21,3,4,0,0,31.27075727032957,0,132,61,34,18,16,3
2024-01-04 22:00:00,22,3,4,0,0,31.13721255679523,0,100,29,10,8,11,42
2024-01-04 23:00:00,23,3,4,0,0,27.982228523704887,1,69,31,13,19,4,2
2024-01-05 00:00:00,0,4,5,0,0,33.31980908596767,2,28,7,8,7,6,0
2024-01-05 01:00:00,1,4,5,0,0,33.27272302442969,3,6,0,3,1,2,0
2024-01-05 02:00:00,2,4,5,0,0,32.5624361721551,1,13,4,6,3,0,0
2024-01-05 03:00:00,3,4,5,0,0,31.900298255874866,0,9,5,3,0,0,1
2024-01-05 04:00:00,4,4,5,0,0,28.414332205038537,1,9,0,2,3,3,1
2024-01-05 05:00:00,5,4,5,0,0,31.454309865581127,0,17,6,1,2,6,2
2024-01-05 06:00:00,6,4,5,0,0,31.7433160649894,1,38,5,16,4,10,3
2024-01-05 07:00:00,7,4,5,0,0,30.41924976085928,0,54,11,18,7,3,15
2024-01-05 08:00:00,8,4,5,0,0,32.396250401069196,1,68,11,27,24,2,4
2024-01-05 09:00:00,9,4,5,0,0,34.14568597335597,0,106,27,9,33,12,25
2024-01-05 10:00:00,10,4,5,0,0,35.0,0,110,43,43,13,8,3
2024-01-05 11:00:00,11,4,5,0,0,33.562302044667696,2,155,29,62,32,24,8
2024-01-05 12:00:00,12,4,5,0,0,33.86282111591777,0,181,28,57,58,4,34
2024-01-05 13:00:00,13,4,5,0,0,32.91781743626469,1,136,62,31,19,13,11
2024-01-05 14:00:00,14,4,5,0,0,27.435206796992794,0,116,53,24,34,1,4
2024-01-05 15:00:00,15,4,5,0,0,33.16172025987251,0,93,16,62,7,7,1
2024-01-05 16:00:00,16,4,5,0,0,33.4710663553735,0,95,55,12,22,5,1
2024-01-05 17:00:00,17,4,5,0,0,35.0,0,100,14,46,10,17,13
2024-01-05 18:00:00,18,4,5,0,0,32.80962278511087,2,118,53,17,22,22,4
2024-01-05 19:00:00,19,4,5,0,0,34.33855648512969,0,198,23,119,6,31,19
2024-01-05 20:00:00,20,4,5,0,0,33.37634565244853,3,122,40,48,15,6,13
2024-01-05 21:00:00,21,4,5,0,0,30.020367530682325,1,120,29,35,51,4,1
2024-01-05 22:00:00,22,4,5,0,0,35.0,0,98,19,19,26,27,7
2024-01-05 23:00:00,23,4,5,0,0,35.0,1,45,13,12,10,5,5
2024-01-06 00:00:00,0,5,6,1,0,35.0,1,28,10,5,0,11,2
2024-01-06 01:00:00,1,5,6,1,0,30.975394595014777,1,21,14,0,2,5,0
2024-01-06 02:00:00,2,5,6,1,0,35.0,0,16,5,5,4,2,0
2024-01-06 03:00:00,3,5,6,1,0,29.58261793824281,0,4,1,1,1,1,0
2024-01-06 04:00:00,4,5,6,1,0,35.0,2,4,2,1,0,0,1
2024-01-06 05:00:00,5,5,6,1,0,35.0,2,22,6,1,8,4,3
2024-01-06 06:00:00,6,5,6,1,0,30.938456266491613,2,38,9,11,6,11,1
2024-01-06 07:00:00,7,5,6,1,0,32.25045042721194,0,65,22,22,8,12,1
2024-01-06 08:00:00,8,5,6,1,0,34.286894558254595,1,91,30,8,22,5,26
2024-01-06 09:00:00,9,5,6,1,0,32.51542588115001,0,109,22,20,0,42,25
2024-01-06 10:00:00,10,5,6,1,0,29.4110875771681,0,137,51,18,17,23,28
2024-01-06 11:00:00,11,5,6,1,0,34.30530163318352,0,189,34,48,42,24,41
2024-01-06 12:00:00,12,5,6,1,0,30.948543435247693,1,215,103,40,17,20,35
2024-01-06 13:00:00,13,5,6,1,0,35.0,0,177,31,39,26,81,0
2024-01-06 14:00:00,14,5,6,1,0,31.44677583182299,0,127,20,7,43,43,14
2024-01-06 15:00:00,15,5,6,1,0,35.0,2,71,13,20,17,17,4
2024-01-06 16:00:00,16,5,6,1,0,31.922078668659164,0,83,28,17,22,16,0
2024-01-06 17:00:00,17,5,6,1,0,33.33799113120322,0,108,18,30,19,40,1
2024-01-06 18:00:00,18,5,6,1,0,35.0,0,153,57,5,25,64,2
2024-01-06 19:00:00,19,5,6,1,0,30.674128943182115,2,188,34,9,54,79,12
2024-01-06 20:00:00,20,5,6,1,0,35.0,1,198,35,37,37,86,3
2024-01-06 21:00:00,21,5,6,1,0,35.0,0,182,47,14,120,0,1
2024-01-06 22:00:00,22,5,6,1,0,29.63273605230949,2,81,28,11,12,21,9
2024-01-06 23:00:00,23,5,6,1,0,35.0,2,74,21,12,34,5,2
2024-01-07 00:00:00,0,6,7,1,0,35.0,0,31,17,4,3,4,3
2024-01-07 01:00:00,1,6,7,1,0,35.0,1,17,5,6,3,3,0
2024-01-07 02:00:00,2,6,7,1,0,30.85219542699611,1,11,2,5,0,3,1
2024-01-07 03:00:00,3,6,7,1,0,30.626827509429102,1,15,9,1,5,0,0
2024-01-07 04:00:00,4,6,7,1,0,35.0,0,12,8,0,1,1,2
2024-01-07 05:00:00,5,6,7,1,0,35.0,2,19,2,6,7,3,1
2024-01-07 06:00:00,6,6,7,1,0,35.0,1,43,16,7,5,5,10
2024-01-07 07:00:00,7,6,7,1,0,35.0,0,72,26,14,13,18,1
2024-01-07 08:00:00,8,6,7,1,0,32.662883098024494,0,85,31,21,4,19,10
2024-01-07 09:00:00,9,6,7,1,0,35.0,0,106,49,19,15,17,6
2024-01-07 10:00:00,10,6,7,1,0,35.0,0,129,21,46,23,38,1
2024-01-07 11:00:00,11,6,7,1,0,32.61990581712023,1,193,39,50,7,94,3
2024-01-07 12:00:00,12,6,7,1,0,35.0,0,231,88,85,36,5,17
2024-01-07 13:00:00,13,6,7,1,0,35.0,0,182,54,25,32,24,47
2024-01-07 14:00:00,14,6,7,1,0,31.24236134286869,1,120,47,24,9,28,12
2024-01-07 15:00:00,15,6,7,1,0,35.0,0,112,8,50,18,36,0
2024-01-07 16:00:00,16,6,7,1,0,31.924032519440118,3,69,18,7,19,18,7
2024-01-07 17:00:00,17,6,7,1,0,35.0,0,110,25,48,8,7,22
2024-01-07 18:00:00,18,6,7,1,0,35.0,0,146,46,27,7,27,39
2024-01-07 19:00:00,19,6,7,1,0,32.428111678564036,0,264,61,44,95,27,37
2024-01-07 20:00:00,20,6,7,1,0,35.0,0,226,60,89,44,33,0
2024-01-07 21:00:00,21,6,7,1,0,35.0,0,142,25,43,25,7,42
2024-01-07 22:00:00,22,6,7,1,0,35.0,1,99,51,26,6,11,5
2024-01-07 23:00:00,23,6,7,1,0,35.0,3,62,15,14,7,16,10
2024-01-08 00:00:00,0,0,8,0,0,34.20905460567412,0,25,1,6,13,5,0
2024-01-08 01:00:00,1,0,8,0,0,32.69275349059932,1,29,5,5,7,12,0
2024-01-08 02:00:00,2,0,8,0,0,32.29340369204088,1,6,0,4,2,0,0
2024-01-08 03:00:00,3,0,8,0,0,32.52174248243496,2,8,1,0,3,0,4
2024-01-08 04:00:00,4,0,8,0,0,34.74433537435593,0,9,3,2,1,2,1
2024-01-08 05:00:00,5,0,8,0,0,35.0,0,19,2,6,2,6,3
2024-01-08 06:00:00,6,0,8,0,0,35.0,0,35,11,6,18,0,0
2024-01-08 07:00:00,7,0,8,0,0,35.0,1,38,10,6,8,4,10
2024-01-08 08:00:00,8,0,8,0,0,35.0,2,58,38,10,6,2,2
2024-01-08 09:00:00,9,0,8,0,0,35.0,0,91,39,19,21,5,7
2024-01-08 10:00:00,10,0,8,0,0,34.20450645185005,0,102,27,46,16,11,2
2024-01-08 11:00:00,11,0,8,0,0,35.0,2,127,34,40,22,22,9
2024-01-08 12:00:00,12,0,8,0,0,35.0,2,161,49,64,28,17,3
2024-01-08 13:00:00,13,0,8,0,0,32.428146561392865,3,112,45,10,6,34,17
2024-01-08 14:00:00,14,0,8,0,0,31.785799457380577,1,116,33,60,18,1,4
2024-01-08 15:00:00,15,0,8,0,0,35.0,0,72,25,9,6,28,4
2024-01-08 16:00:00,16,0,8,0,0,34.323519914213406,1,71,16,19,28,8,0
2024-01-08 17:00:00,17,0,8,0,0,35.0,1,96,14,9,50,2,21
2024-01-08 18:00:00,18,0,8,0,0,35.0,0,141,62,73,2,1,3
2024-01-08 19:00:00,19,0,8,0,0,34.76286124624806,1,161,45,26,10,7,73
2024-01-08 20:00:00,20,0,8,0,0,32.435259348393025,1,169,23,39,37,27,43
2024-01-08 21:00:00,21,0,8,0,0,30.424631663273683,0,152,33,21,39,59,0
2024-01-08 22:00:00,22,0,8,0,0,33.62240212471639,1,96,22,17,17,18,22
2024-01-08 23:00:00,23,0,8,0,0,35.0,1,50,18,16,3,10,3
2024-01-09 00:00:00,0,1,9,0,0,35.0,3,15,10,1,2,0,2
2024-01-09 01:00:00,1,1,9,0,0,31.198502220629912,0,14,3,5,3,1,2
2024-01-09 02:00:00,2,1,9,0,0,35.0,0,9,4,1,1,1,2
2024-01-09 03:00:00,3,1,9,0,0,35.0,1,7,1,3,0,2,1
2024-01-09 04:00:00,4,1,9,0,0,32.251108378812305,0,12,3,2,5,2,0
2024-01-09 05:00:00,5,1,9,0,0,35.0,1,17,2,4,3,3,5
2024-01-09 06:00:00,6,1,9,0,0,35.0,1,24,8,10,3,2,1
2024-01-09 07:00:00,7,1,9,0,0,31.43394512188045,0,51,21,7,3,17,3
2024-01-09 08:00:00,8,1,9,0,0,35.0,1,58,20,2,3,19,14
2024-01-09 09:00:00,9,1,9,0,0,35.0,1,94,19,18,24,4,29
2024-01-09 10:00:00,10,1,9,0,0,35.0,0,92,28,38,7,16,3
2024-01-09 11:00:00,11,1,9,0,0,35.0,2,153,80,14,19,14,26
2024-01-09 12:00:00,12,1,9,0,0,30.648467903466784,2,159,72,36,15,2,34
2024-01-09 13:00:00,13,1,9,0,0,31.94948495145396,1,165,59,27,6,55,18
2024-01-09 14:00:00,14,1,9,0,0,35.0,1,114,30,34,6,33,11
2024-01-09 15:00:00,15,1,9,0,0,35.0,0,73,19,27,3,0,24
2024-01-09 16:00:00,16,1,9,0,0,35.0,2,50,25,8,13,2,2
2024-01-09 17:00:00,17,1,9,0,0,35.0,1,74,25,11,24,7,7
2024-01-09 18:00:00,18,1,9,0,0,35.0,1,124,9,85,13,7,10
2024-01-09 19:00:00,19,1,9,0,0,35.0,2,172,42,79,7,28,16
2024-01-09 20:00:00,20,1,9,0,0,35.0,0,188,57,30,67,20,14
2024-01-09 21:00:00,21,1,9,0,0,35.0,2,122,56,33,12,16,5
2024-01-09 22:00:00,22,1,9,0,0,33.61723982570932,0,95,29,26,13,8,19
2024-01-09 23:00:00,23,1,9,0,0,35.0,0,49,13,8,8,1,19
2024-01-10 00:00:00,0,2,10,0,0,32.19208951933882,0,31,5,16,4,5,1
2024-01-10 01:00:00,1,2,10,0,0,33.77278073184197,3,14,3,1,5,2,3
2024-01-10 02:00:00,2,2,10,0,0,32.99909511250586,2,7,0,1,2,4,0
2024-01-10 03:00:00,3,2,10,0,0,34.67203732908075,1,9,1,1,5,1,1
2024-01-10 04:00:00,4,2,10,0,0,35.0,1,10,3,4,3,0,0
2024-01-10 05:00:00,5,2,10,0,0,28.764926314708735,1,18,4,1,2,3,8
2024-01-10 06:00:00,6,2,10,0,0,35.0,2,21,7,0,5,6,3
2024-01-10 07:00:00,7,2,10,0,0,29.46602806625129,0,65,12,13,24,16,0
2024-01-10 08:00:00,8,2,10,0,0,32.856042948299574,0,72,8,28,21,2,13
2024-01-10 09:00:00,9,2,10,0,0,35.0,0,103,40,35,23,4,1
2024-01-10 10:00:00,10,2,10,0,0,34.39788859181079,1,105,13,43,24,12,13
2024-01-10 11:00:00,11,2,10,0,0,30.93736641006332,1,142,11,63,58,5,5
2024-01-10 12:00:00,12,2,10,0,0,31.98954344864611,0,200,34,76,26,10,54
2024-01-10 13:00:00,13,2,10,0,0,35.0,0,160,52,74,19,8,7
2024-01-10 14:00:00,14,2,10,0,0,31.87197797521509,2,96,17,41,9,23,6
2024-01-10 15:00:00,15,2,10,0,0,34.67522861224453,0,98,22,28,37,10,1
2024-01-10 16:00:00,16,2,10,0,0,34.12465598270312,1,69,14,19,7,23,6
2024-01-10 17:00:00,17,2,10,0,0,31.9945425732028,3,57,24,8,12,12,1
2024-01-10 18:00:00,18,2,10,0,0,35.0,0,138,10,30,62,10,26
2024-01-10 19:00:00,19,2,10,0,0,35.0,0,201,44,54,43,14,46
2024-01-10 20:00:00,20,2,10,0,0,27.754048168616453,1,178,33,102,15,24,4
2024-01-10 21:00:00,21,2,10,0,0,34.347534070927935,2,119,75,1,17,10,16
2024-01-10 22:00:00,22,2,10,0,0,31.760837677088794,1,92,29,16,12,15,20
2024-01-10 23:00:00,23,2,10,0,0,35.0,3,42,9,19,9,3,2
2024-01-11 00:00:00,0,3,11,0,0,31.282691822546287,0,23,6,12,4,1,0
2024-01-11 01:00:00,1,3,11,0,0,33.272082280014565,1,12,5,5,1,1,0
2024-01-11 02:00:00,2,3,11,0,0,35.0,1,12,1,4,1,1,5
2024-01-11 03:00:00,3,3,11,0,0,35.0,2,8,4,0,1,2,1
2024-01-11 04:00:00,4,3,11,0,0,29.879591740396933,0,10,2,4,0,2,2
2024-01-11 05:00:00,5,3,11,0,0,32.430410750606015,2,17,4,9,0,4,0
2024-01-11 06:00:00,6,3,11,0,0,31.96186974597137,1,28,12,3,7,3,3
2024-01-11 07:00:00,7,3,11,0,0,31.378870522950546,0,58,20,3,17,12,6
2024-01-11 08:00:00,8,3,11,0,0,35.0,0,67,5,5,16,33,8
2024-01-11 09:00:00,9,3,11,0,0,34.456207019103026,2,71,42,2,12,11,4
2024-01-11 10:00:00,10,3,11,0,0,29.40886857988479,0,110,52,43,15,0,0
2024-01-11 11:00:00,11,3,11,0,0,35.0,0,152,27,25,41,59,0
2024-01-11 12:00:00,12,3,11,0,0,35.0,0,170,56,40,25,26,23
2024-01-11 13:00:00,13,3,11,0,0,35.0,2,120,20,36,40,21,3
2024-01-11 14:00:00,14,3,11,0,0,28.42824520261089,1,127,13,11,38,46,19
2024-01-11 15:00:00,15,3,11,0,0,31.480831184313598,1,109,50,15,18,15,11
2024-01-11 16:00:00,16,3,11,0,0,35.0,0,76,26,21,13,2,14
2024-01-11 17:00:00,17,3,11,0,0,30.703073171667796,1,84,28,5,27,17,7
2024-01-11 18:00:00,18,3,11,0,0,34.10291789900839,1,116,23,59,6,16,12
2024-01-11 19:00:00,19,3,11,0,0,35.0,2,165,61,10,24,42,28
2024-01-11 20:00:00,20,3,11,0,0,29.87965301645553,2,146,45,56,16,8,21
2024-01-11 21:00:00,21,3,11,0,0,32.42548358781491,0,144,57,26,33,27,1
2024-01-11 22:00:00,22,3,11,0,0,22.8232937820205,1,78,42,9,12,15,0
2024-01-11 23:00:00,23,3,11,0,0,29.416394283887147,0,71,13,32,13,8,5
2024-01-12 00:00:00,0,4,12,0,0,31.67374380059446,1,24,3,5,12,4,0
2024-01-12 01:00:00,1,4,12,0,0,28.629423822206693,0,20,3,0,10,7,0
2024-01-12 02:00:00,2,4,12,0,0,35.0,0,10,3,1,1,3,2
2024-01-12 03:00:00,3,4,12,0,0,27.963319576240977,0,17,3,1,5,4,4
2024-01-12 04:00:00,4,4,12,0,0,30.873264543295562,1,10,2,5,2,0,1
2024-01-12 05:00:00,5,4,12,0,0,32.52472622340009,0,17,13,0,2,2,0
2024-01-12 06:00:00,6,4,12,0,0,35.0,1,27,16,5,3,1,2
2024-01-12 07:00:00,7,4,12,0,0,27.70150618946019,0,52,8,10,16,10,8
2024-01-12 08:00:00,8,4,12,0,0,35.0,0,70,16,26,24,4,0
2024-01-12 09:00:00,9,4,12,0,0,31.9142449399963,1,75,15,27,28,5,0
2024-01-12 10:00:00,10,4,12,0,0,28.875457647481134,0,133,40,21,39,22,11
2024-01-12 11:00:00,11,4,12,0,0,33.142212498946414,0,154,69,14,53,14,4
2024-01-12 12:00:00,12,4,12,0,0,32.28848515030899,1,198,45,107,31,10,5
2024-01-12 13:00:00,13,4,12,0,0,29.82554985068099,0,184,19,32,56,72,5
2024-01-12 14:00:00,14,4,12,0,0,31.769996544875127,0,100,16,32,6,6,40
2024-01-12 15:00:00,15,4,12,0,0,30.33853969271656,0,80,27,9,31,6,7
2024-01-12 16:00:00,16,4,12,0,0,31.768428132619142,2,80,19,11,31,15,4
2024-01-12 17:00:00,17,4,12,0,0,33.34717422634078,1,72,36,26,8,1,1
2024-01-12 18:00:00,18,4,12,0,0,35.0,1,125,42,30,24,27,2
2024-01-12 19:00:00,19,4,12,0,0,27.51169986989565,1,194,29,49,45,50,21
2024-01-12 20:00:00,20,4,12,0,0,35.0,0,152,15,17,97,1,22
2024-01-12 21:00:00,21,4,12,0,0,25.231350891519696,0,152,47,42,15,8,40
2024-01-12 22:00:00,22,4,12,0,0,30.56279494641373,1,90,9,17,15,24,25
2024-01-12 23:00:00,23,4,12,0,0,32.71317948696714,0,54,35,7,4,8,0
2024-01-13 00:00:00,0,5,13,1,0,31.72082812612983,0,38,10,9,8,7,4
2024-01-13 01:00:00,1,5,13,1,0,28.938930997647617,0,21,9,7,2,0,3
2024-01-13 02:00:00,2,5,13,1,0,30.111397612438637,0,5,1,2,2,0,0
2024-01-13 03:00:00,3,5,13,1,0,29.185059565271832,3,13,9,2,0,1,1
2024-01-13 04:00:00,4,5,13,1,0,28.823834763874835,0,9,3,3,2,1,0
2024-01-13 05:00:00,5,5,13,1,0,33.06817614418366,1,24,4,2,7,3,8
2024-01-13 06:00:00,6,5,13,1,0,31.517436808045414,0,45,26,5,3,9,2
2024-01-13 07:00:00,7,5,13,1,0,28.294267297686275,3,58,16,10,8,13,11
2024-01-13 08:00:00,8,5,13,1,0,32.997992268631805,0,96,35,14,33,12,2
2024-01-13 09:00:00,9,5,13,1,0,31.146884209789317,0,115,37,16,29,0,33
2024-01-13 10:00:00,10,5,13,1,0,32.58896710561742,1,127,17,37,36,23,14
2024-01-13 11:00:00,11,5,13,1,0,31.964270155377882,1,188,30,11,22,5,120
2024-01-13 12:00:00,12,5,13,1,0,27.513014967233783,0,231,81,31,36,54,29
2024-01-13 13:00:00,13,5,13,1,0,28.243692480443762,0,197,63,83,33,3,15
2024-01-13 14:00:00,14,5,13,1,0,32.08997701783316,0,137,77,19,7,33,1
2024-01-13 15:00:00,15,5,13,1,0,31.60269839889648,0,103,33,32,21,9,8
2024-01-13 16:00:00,16,5,13,1,0,29.632010845966466,0,114,36,29,37,9,3
2024-01-13 17:00:00,17,5,13,1,0,29.969468282276686,0,106,10,40,44,11,1
2024-01-13 18:00:00,18,5,13,1,0,33.37289968476074,0,171,44,19,51,39,18
2024-01-13 19:00:00,19,5,13,1,0,27.6872639645906,0,256,35,16,113,64,28
2024-01-13 20:00:00,20,5,13,1,0,31.025003611400887,1,220,65,63,41,15,36
2024-01-13 21:00:00,21,5,13,1,0,28.69853301078127,3,121,59,43,14,4,1
2024-01-13 22:00:00,22,5,13,1,0,28.573139007725334,1,128,62,14,28,13,11
2024-01-13 23:00:00,23,5,13,1,0,32.44326298252396,0,65,31,4,15,15,0
2024-01-14 00:00:00,0,6,14,1,0,31.543615477722092,0,35,3,18,10,4,0
2024-01-14 01:00:00,1,6,14,1,0,31.42801959725438,3,12,6,4,2,0,0
2024-01-14 02:00:00,2,6,14,1,0,32.82374770635573,0,11,4,5,2,0,0
2024-01-14 03:00:00,3,6,14,1,0,28.889845848549175,0,12,6,3,2,1,0
2024-01-14 04:00:00,4,6,14,1,0,30.791924848044015,1,9,3,2,3,0,1
2024-01-14 05:00:00,5,6,14,1,0,27.734211997462605,1,24,13,2,2,5,2
2024-01-14 06:00:00,6,6,14,1,0,29.55617855291833,1,49,5,15,16,6,7
2024-01-14 07:00:00,7,6,14,1,0,28.11164464949162,0,60,25,8,20,2,5
2024-01-14 08:00:00,8,6,14,1,0,28.711189328234845,0,110,7,52,18,5,28
2024-01-14 09:00:00,9,6,14,1,0,30.123539668648455,3,78,38,22,8,3,7
2024-01-14 10:00:00,10,6,14,1,0,25.801019494871152,0,149,34,76,37,2,0
2024-01-14 11:00:00,11,6,14,1,0,34.4502083911073,1,189,38,60,31,49,11
2024-01-14 12:00:00,12,6,14,1,0,25.07211779925037,1,271,29,136,50,20,36
2024-01-14 13:00:00,13,6,14,1,0,24.364492156679535,1,210,86,14,46,37,27
2024-01-14 14:00:00,14,6,14,1,0,31.398049667727573,0,142,51,60,14,4,13
2024-01-14 15:00:00,15,6,14,1,0,30.215141528928037,0,119,38,38,40,0,3
2024-01-14 16:00:00,16,6,14,1,0,29.628733009326464,1,112,20,25,10,47,10
2024-01-14 17:00:00,17,6,14,1,0,29.557420288575408,2,92,23,32,11,12,14
2024-01-14 18:00:00,18,6,14,1,0,27.551450132484465,2,158,31,39,46,28,14
2024-01-14 19:00:00,19,6,14,1,0,24.81203692608692,0,249,95,61,46,30,17
2024-01-14 20:00:00,20,6,14,1,0,27.646632630577855,0,223,139,34,24,20,6
2024-01-14 21:00:00,21,6,14,1,0,25.30296850402272,2,142,69,39,14,17,3
2024-01-14 22:00:00,22,6,14,1,0,30.1748697436919,1,103,16,8,53,26,0
2024-01-14 23:00:00,23,6,14,1,0,26.723223994874616,2,68,24,16,16,4,8
2024-01-15 00:00:00,0,0,15,0,1,24.602625317800058,0,32,11,12,6,0,3
2024-01-15 01:00:00,1,0,15,0,1,26.029521819212995,1,26,12,5,4,1,4
2024-01-15 02:00:00,2,0,15,0,1,28.146884316592324,1,13,6,5,1,0,1
2024-01-15 03:00:00,3,0,15,0,1,25.131181596509553,1,11,1,6,1,3,0
2024-01-15 04:00:00,4,0,15,0,1,24.26982058997001,0,17,6,6,3,1,1
2024-01-15 05:00:00,5,0,15,0,1,27.381537693082517,0,36,18,4,1,12,1
2024-01-15 06:00:00,6,0,15,0,1,27.299244363728477,1,54,20,20,7,7,0
2024-01-15 07:00:00,7,0,15,0,1,24.957264585182717,0,91,32,28,6,23,2
2024-01-15 08:00:00,8,0,15,0,1,24.97861609274569,0,115,23,52,17,4,19
2024-01-15 09:00:00,9,0,15,0,1,27.001411734273425,3,80,49,16,1,5,9
2024-01-15 10:00:00,10,0,15,0,1,21.8744404095595,0,166,56,76,12,12,10
2024-01-15 11:00:00,11,0,15,0,1,21.909640814549405,2,225,4,53,69,62,37
2024-01-15 12:00:00,12,0,15,0,1,23.889951968919227,0,238,16,38,136,36,12
2024-01-15 13:00:00,13,0,15,0,1,25.318116070066697,1,225,80,71,31,22,21
2024-01-15 14:00:00,14,0,15,0,1,26.804280124270598,3,82,20,18,26,8,10
2024-01-15 15:00:00,15,0,15,0,1,30.210659608127106,0,144,58,29,36,14,7
2024-01-15 16:00:00,16,0,15,0,1,28.270543607047312,0,124,34,31,41,10,8
2024-01-15 17:00:00,17,0,15,0,1,25.13066980545829,0,131,47,53,1,8,22
2024-01-15 18:00:00,18,0,15,0,1,25.46631093872137,0,194,83,61,9,29,12
2024-01-15 19:00:00,19,0,15,0,1,22.428605779739936,1,274,60,38,72,83,21
2024-01-15 20:00:00,20,0,15,0,1,25.29345555904784,2,233,86,75,45,0,27
2024-01-15 21:00:00,21,0,15,0,1,24.39579356631832,0,177,45,59,33,15,25
2024-01-15 22:00:00,22,0,15,0,1,26.142679745387106,0,116,30,7,71,4,4
2024-01-15 23:00:00,23,0,15,0,1,22.605572524326774,0,79,21,20,20,15,3
2024-01-16 00:00:00,0,1,16,0,0,26.558039542723517,1,42,6,9,6,14,7
2024-01-16 01:00:00,1,1,16,0,0,29.510951384023993,0,11,1,5,4,0,1
2024-01-16 02:00:00,2,1,16,0,0,24.499195490256596,1,11,9,2,0,0,0
2024-01-16 03:00:00,3,1,16,0,0,25.943365683218094,1,8,1,4,1,1,1
2024-01-16 04:00:00,4,1,16,0,0,26.721437008108328,1,11,2,1,8,0,0
2024-01-16 05:00:00,5,1,16,0,0,23.360144710689127,0,19,7,2,7,3,0
2024-01-16 06:00:00,6,1,16,0,0,25.148917883001815,1,42,17,17,5,0,3
2024-01-16 07:00:00,7,1,16,0,0,24.427291806996816,0,48,12,22,3,6,5
2024-01-16 08:00:00,8,1,16,0,0,24.595463558205246,0,80,9,26,24,18,3
2024-01-16 09:00:00,9,1,16,0,0,21.896379691155154,2,83,20,2,19,38,4
2024-01-16 10:00:00,10,1,16,0,0,24.20197309530025,1,126,19,56,11,32,8
2024-01-16 11:00:00,11,1,16,0,0,25.535537348534106,0,178,45,3,92,30,8
2024-01-16 12:00:00,12,1,16,0,0,28.308146190708595,0,210,48,54,63,38,7
2024-01-16 13:00:00,13,1,16,0,0,26.745780340576555,0,173,109,10,38,6,10
2024-01-16 14:00:00,14,1,16,0,0,30.24085393848319,0,113,19,27,29,26,12
2024-01-16 15:00:00,15,1,16,0,0,21.392695389135337,0,88,20,8,28,29,3
2024-01-16 16:00:00,16,1,16,0,0,26.225230900561378,0,88,32,18,6,9,23
2024-01-16 17:00:00,17,1,16,0,0,24.07193190591895,0,84,19,23,38,0,4
2024-01-16 18:00:00,18,1,16,0,0,30.005064149250707,1,161,21,71,45,4,20
2024-01-16 19:00:00,19,1,16,0,0,20.924629085327773,1,185,84,8,9,65,19
2024-01-16 20:00:00,20,1,16,0,0,20.74435269678837,1,174,50,46,9,17,52
2024-01-16 21:00:00,21,1,16,0,0,21.379466808746464,0,138,9,105,16,6,2
2024-01-16 22:00:00,22,1,16,0,0,16.720222873305133,3,65,14,11,16,19,5
2024-01-16 23:00:00,23,1,16,0,0,21.42905559078575,2,48,17,15,5,2,9
2024-01-17 00:00:00,0,2,17,0,0,20.643485107161318,2,22,12,6,0,1,3
2024-01-17 01:00:00,1,2,17,0,0,23.286785220047594,2,13,4,4,1,0,4
2024-01-17 02:00:00,2,2,17,0,0,23.775757383892827,2,7,2,5,0,0,0
2024-01-17 03:00:00,3,2,17,0,0,28.294058879088603,1,8,3,2,1,2,0
2024-01-17 04:00:00,4,2,17,0,0,25.432052558561473,0,10,3,1,3,0,3
2024-01-17 05:00:00,5,2,17,0,0,20.765488992468374,1,15,8,4,2,0,1
2024-01-17 06:00:00,6,2,17,0,0,19.716565534929725,1,32,2,14,7,6,3
2024-01-17 07:00:00,7,2,17,0,0,23.80337375373695,1,40,11,11,18,0,0
2024-01-17 08:00:00,8,2,17,0,0,18.282926820768083,1,79,3,8,12,15,41
2024-01-17 09:00:00,9,2,17,0,0,27.654222850523837,0,98,29,16,11,10,32
2024-01-17 10:00:00,10,2,17,0,0,25.6146033149365,0,106,28,60,11,2,5
2024-01-17 11:00:00,11,2,17,0,0,20.585415048643156,2,142,36,48,35,21,2
2024-01-17 12:00:00,12,2,17,0,0,16.770426468977888,1,176,47,35,27,30,37
2024-01-17 13:00:00,13,2,17,0,0,25.88857055844532,1,166,54,22,17,23,50
2024-01-17 14:00:00,14,2,17,0,0,21.40069891967058,0,120,54,36,12,13,5
2024-01-17 15:00:00,15,2,17,0,0,25.37538034358268,0,99,67,18,11,0,3
2024-01-17 16:00:00,16,2,17,0,0,16.79651559036021,2,58,31,5,16,4,2
2024-01-17 17:00:00,17,2,17,0,0,19.69980111854401,1,98,42,41,5,5,5
2024-01-17 18:00:00,18,2,17,0,0,21.432051603701545,1,138,32,56,4,31,15
2024-01-17 19:00:00,19,2,17,0,0,21.47592951405126,0,217,29,112,31,40,5
2024-01-17 20:00:00,20,2,17,0,0,19.903737651403148,1,183,72,25,82,4,0
2024-01-17 21:00:00,21,2,17,0,0,23.041715473391605,0,120,34,35,22,20,9
2024-01-17 22:00:00,22,2,17,0,0,17.88982742695948,1,79,6,64,2,7,0
2024-01-17 23:00:00,23,2,17,0,0,20.585370855683657,0,63,18,29,6,9,1
2024-01-18 00:00:00,0,3,18,0,0,21.293520464377696,0,22,1,9,0,8,4
2024-01-18 01:00:00,1,3,18,0,0,22.396384075613856,1,13,3,3,3,4,0
2024-01-18 02:00:00,2,3,18,0,0,22.90866201685968,2,7,0,4,1,1,1
2024-01-18 03:00:00,3,3,18,0,0,17.32096275640344,0,7,0,3,3,1,0
2024-01-18 04:00:00,4,3,18,0,0,16.013946019902363,2,6,2,0,3,0,1
2024-01-18 05:00:00,5,3,18,0,0,24.371052334597444,0,24,6,7,4,4,3
2024-01-18 06:00:00,6,3,18,0,0,21.457037038543316,0,35,13,11,8,2,1
2024-01-18 07:00:00,7,3,18,0,0,18.137054257980004,0,47,19,20,2,5,1
2024-01-18 08:00:00,8,3,18,0,0,24.958740298708662,0,84,33,20,22,4,5
2024-01-18 09:00:00,9,3,18,0,0,20.57543630028249,1,110,66,29,6,6,3
2024-01-18 10:00:00,10,3,18,0,0,23.689795349728108,0,106,34,25,27,9,11
2024-01-18 11:00:00,11,3,18,0,0,20.278319843195657,0,186,72,26,57,30,1
2024-01-18 12:00:00,12,3,18,0,0,26.18224377464596,2,144,26,47,17,25,29
2024-01-18 13:00:00,13,3,18,0,0,25.190638897722575,0,176,41,106,23,0,6
2024-01-18 14:00:00,14,3,18,0,0,19.102726805462236,1,112,30,30,36,5,11
2024-01-18 15:00:00,15,3,18,0,0,22.689727205703576,0,119,39,15,22,20,23
2024-01-18 16:00:00,16,3,18,0,0,21.636935206423395,1,78,42,4,2,27,3
2024-01-18 17:00:00,17,3,18,0,0,23.73289858912881,0,77,27,33,0,13,4
2024-01-18 18:00:00,18,3,18,0,0,16.658839268109418,0,122,42,43,22,9,6
2024-01-18 19:00:00,19,3,18,0,0,21.538784526874732,0,206,105,76,11,12,2
2024-01-18 20:00:00,20,3,18,0,0,22.583344425841297,0,209,35,71,6,44,53
2024-01-18 21:00:00,21,3,18,0,0,15.0,0,130,65,40,4,5,16
2024-01-18 22:00:00,22,3,18,0,0,15.714460098492216,1,75,52,7,9,4,3
2024-01-18 23:00:00,23,3,18,0,0,15.0,2,50,16,25,4,5,0
2024-01-19 00:00:00,0,4,19,0,0,18.313926973741598,2,22,7,9,2,1,3
2024-01-19 01:00:00,1,4,19,0,0,21.20439889987447,1,20,2,7,4,7,0
2024-01-19 02:00:00,2,4,19,0,0,23.488920924767605,0,17,8,7,2,0,0
2024-01-19 03:00:00,3,4,19,0,0,19.13467005117212,0,8,2,2,3,1,0
2024-01-19 04:00:00,4,4,19,0,0,23.7292318834573,0,13,6,0,2,1,4
2024-01-19 05:00:00,5,4,19,0,0,15.0,0,15,4,6,4,1,0
2024-01-19 06:00:00,6,4,19,0,0,15.0,1,23,10,6,2,5,0
2024-01-19 07:00:00,7,4,19,0,0,18.47257470053251,1,55,14,15,2,22,2
2024-01-19 08:00:00,8,4,19,0,0,19.724320249952527,0,69,23,26,8,12,0
2024-01-19 09:00:00,9,4,19,0,0,18.407435272415885,0,105,21,51,3,20,10
2024-01-19 10:00:00,10,4,19,0,0,15.0,2,102,33,24,10,19,16
2024-01-19 11:00:00,11,4,19,0,0,18.10643939930426,1,169,84,37,13,26,9
2024-01-19 12:00:00,12,4,19,0,0,15.0,0,167,52,45,5,63,2
2024-01-19 13:00:00,13,4,19,0,0,20.253115570333517,2,161,56,24,33,35,13
2024-01-19 14:00:00,14,4,19,0,0,19.27981113766556,3,68,26,27,11,0,4
2024-01-19 15:00:00,15,4,19,0,0,15.296814884080398,0,112,37,33,26,9,7
2024-01-19 16:00:00,16,4,19,0,0,16.511815543399948,0,78,12,46,8,6,6
2024-01-19 17:00:00,17,4,19,0,0,15.0,1,92,18,13,35,4,22
2024-01-19 18:00:00,18,4,19,0,0,17.74089489631501,2,128,34,22,28,41,3
2024-01-19 19:00:00,19,4,19,0,0,20.7329224699619,2,178,23,106,16,3,30
2024-01-19 20:00:00,20,4,19,0,0,15.0,0,175,56,57,28,6,28
2024-01-19 21:00:00,21,4,19,0,0,19.258395836430658,0,137,61,44,8,5,19
2024-01-19 22:00:00,22,4,19,0,0,16.095690128690975,1,87,22,14,29,22,0
2024-01-19 23:00:00,23,4,19,0,0,15.248608135111729,1,48,13,7,6,10,12
2024-01-20 00:00:00,0,5,20,1,0,17.247460665362386,0,36,10,17,8,0,1
2024-01-20 01:00:00,1,5,20,1,0,15.0,2,21,7,8,2,0,4
2024-01-20 02:00:00,2,5,20,1,0,15.791956281730737,1,12,4,5,1,2,0
2024-01-20 03:00:00,3,5,20,1,0,15.0,2,9,5,3,1,0,0
2024-01-20 04:00:00,4,5,20,1,0,23.23373096755939,2,10,3,4,2,1,0
2024-01-20 05:00:00,5,5,20,1,0,17.389544822037987,1,17,7,9,1,0,0
2024-01-20 06:00:00,6,5,20,1,0,15.129363861452532,0,36,19,7,6,2,2
2024-01-20 07:00:00,7,5,20,1,0,17.815858163678527,1,63,36,12,1,7,7
2024-01-20 08:00:00,8,5,20,1,0,16.78290831486029,0,81,33,30,9,9,0
2024-01-20 09:00:00,9,5,20,1,0,16.403557798487984,1,109,42,6,21,5,35
2024-01-20 10:00:00,10,5,20,1,0,18.85614499965735,0,132,55,10,22,20,25
2024-01-20 11:00:00,11,5,20,1,0,19.233954523969746,1,197,55,70,30,40,2
2024-01-20 12:00:00,12,5,20,1,0,15.318326613418945,0,218,52,47,45,27,47
2024-01-20 13:00:00,13,5,20,1,0,15.131390094502775,0,224,6,95,48,15,60
2024-01-20 14:00:00,14,5,20,1,0,15.983324465655151,0,109,44,16,4,13,32
2024-01-20 15:00:00,15,5,20,1,0,15.0,0,100,47,24,11,2,16
2024-01-20 16:00:00,16,5,20,1,0,15.0,1,91,20,50,10,9,2
2024-01-20 17:00:00,17,5,20,1,0,20.761764581661893,1,105,28,26,6,10,35
2024-01-20 18:00:00,18,5,20,1,0,21.54819746104961,1,165,18,53,24,69,1
2024-01-20 19:00:00,19,5,20,1,0,15.81897742320201,0,247,37,61,51,88,10
2024-01-20 20:00:00,20,5,20,1,0,18.249189927603037,0,210,33,52,42,55,28
2024-01-20 21:00:00,21,5,20,1,0,17.407348820089688,0,176,24,19,100,5,28
2024-01-20 22:00:00,22,5,20,1,0,25.66496941834459,0,122,60,16,15,9,22
2024-01-20 23:00:00,23,5,20,1,0,19.74243312988847,2,57,2,19,28,8,0
2024-01-21 00:00:00,0,6,21,1,0,15.955993187713318,0,34,7,15,10,0,2
2024-01-21 01:00:00,1,6,21,1,0,15.0,0,18,11,2,0,1,4
2024-01-21 02:00:00,2,6,21,1,0,15.0,0,5,4,0,1,0,0
2024-01-21 03:00:00,3,6,21,1,0,16.822219780982017,0,11,6,1,3,1,0
2024-01-21 04:00:00,4,6,21,1,0,15.0,1,10,2,3,0,3,2
2024-01-21 05:00:00,5,6,21,1,0,15.0,1,18,5,6,0,1,6
2024-01-21 06:00:00,6,6,21,1,0,15.0,0,43,16,8,7,9,3
2024-01-21 07:00:00,7,6,21,1,0,15.0,0,46,9,14,15,6,2
2024-01-21 08:00:00,8,6,21,1,0,21.07348444222603,0,104,47,5,14,36,2
2024-01-21 09:00:00,9,6,21,1,0,18.619066427349743,0,102,16,7,9,59,11
2024-01-21 10:00:00,10,6,21,1,0,15.91300420568365,0,127,63,40,15,8,1
2024-01-21 11:00:00,11,6,21,1,0,20.340219707904648,3,154,44,33,45,27,5
2024-01-21 12:00:00,12,6,21,1,0,16.096650346516846,1,178,45,33,32,31,37
2024-01-21 13:00:00,13,6,21,1,0,15.0,1,182,1,137,14,14,16
2024-01-21 14:00:00,14,6,21,1,0,20.36432369728457,0,163,74,37,35,5,12
2024-01-21 15:00:00,15,6,21,1,0,17.37793480594111,0,103,6,30,43,6,18
2024-01-21 16:00:00,16,6,21,1,0,15.0,1,106,24,28,43,6,5
2024-01-21 17:00:00,17,6,21,1,0,15.12480828592893,1,111,6,35,39,29,2
2024-01-21 18:00:00,18,6,21,1,0,15.0,1,156,20,31,27,40,38
2024-01-21 19:00:00,19,6,21,1,0,15.0,0,217,21,62,76,10,48
2024-01-21 20:00:00,20,6,21,1,0,18.381606434735843,1,203,30,70,69,11,23
2024-01-21 21:00:00,21,6,21,1,0,21.30183501048861,0,182,81,48,1,25,27
2024-01-21 22:00:00,22,6,21,1,0,15.0,2,94,54,23,8,3,6
2024-01-21 23:00:00,23,6,21,1,0,17.20567115800972,1,47,16,3,10,15,3
2024-01-22 00:00:00,0,0,22,0,0,15.0,1,25,13,9,2,1,0
2024-01-22 01:00:00,1,0,22,0,0,15.0,0,25,7,4,5,7,2
2024-01-22 02:00:00,2,0,22,0,0,15.0,1,7,4,1,2,0,0
2024-01-22 03:00:00,3,0,22,0,0,15.0,0,13,4,5,3,1,0
2024-01-22 04:00:00,4,0,22,0,0,15.53294792445129,0,6,1,1,0,3,1
2024-01-22 05:00:00,5,0,22,0,0,15.0,0,16,5,6,3,2,0
2024-01-22 06:00:00,6,0,22,0,0,16.152112214448834,1,38,8,11,9,5,5
2024-01-22 07:00:00,7,0,22,0,0,15.167809267871514,0,50,10,23,10,7,0
2024-01-22 08:00:00,8,0,22,0,0,15.0,0,61,10,10,22,2,17
2024-01-22 09:00:00,9,0,22,0,0,15.0,2,84,39,31,12,1,1
2024-01-22 10:00:00,10,0,22,0,0,15.0,0,90,3,8,53,20,6
2024-01-22 11:00:00,11,0,22,0,0,17.503213606277935,1,171,24,29,63,52,3
2024-01-22 12:00:00,12,0,22,0,0,16.721275555535087,0,206,65,49,18,46,28
2024-01-22 13:00:00,13,0,22,0,0,15.0,0,169,44,9,50,29,37
2024-01-22 14:00:00,14,0,22,0,0,15.481725081811039,1,112,58,7,31,7,9
2024-01-22 15:00:00,15,0,22,0,0,17.42161229447582,0,102,25,47,3,27,0
2024-01-22 16:00:00,16,0,22,0,0,15.0,0,73,18,23,13,19,0
2024-01-22 17:00:00,17,0,22,0,0,16.76722456176749,1,76,17,35,12,12,0
2024-01-22 18:00:00,18,0,22,0,0,15.0,1,118,50,8,21,0,39
2024-01-22 19:00:00,19,0,22,0,0,16.82163737216031,1,178,60,52,10,35,21
2024-01-22 20:00:00,20,0,22,0,0,15.0,0,195,42,54,66,10,23
2024-01-22 21:00:00,21,0,22,0,0,15.0,0,148,79,37,6,14,12
2024-01-22 22:00:00,22,0,22,0,0,15.0,1,78,17,7,32,16,6
2024-01-22 23:00:00,23,0,22,0,0,15.208536283218272,1,62,6,14,17,16,9
2024-01-23 00:00:00,0,1,23,0,0,15.833948551481711,2,25,2,11,7,4,1
2024-01-23 01:00:00,1,1,23,0,0,15.0,2,12,3,4,1,1,3
2024-01-23 02:00:00,2,1,23,0,0,16.953830395414666,2,6,3,1,2,0,0
2024-01-23 03:00:00,3,1,23,0,0,15.0,0,5,0,2,2,1,0
2024-01-23 04:00:00,4,1,23,0,0,15.0,0,10,7,1,1,1,0
2024-01-23 05:00:00,5,1,23,0,0,15.0,1,16,3,5,7,1,0
2024-01-23 06:00:00,6,1,23,0,0,15.0,0,44,11,8,12,3,10
2024-01-23 07:00:00,7,1,23,0,0,15.151713798130665,0,49,14,7,11,16,1
2024-01-23 08:00:00,8,1,23,0,0,15.0,2,63,21,13,16,5,8
2024-01-23 09:00:00,9,1,23,0,0,15.0,2,94,22,7,28,6,31
2024-01-23 10:00:00,10,1,23,0,0,18.02040147607941,0,94,36,23,8,21,6
2024-01-23 11:00:00,11,1,23,0,0,15.0,0,159,48,51,21,35,4
2024-01-23 12:00:00,12,1,23,0,0,17.507076336195425,0,154,70,21,33,29,1
2024-01-23 13:00:00,13,1,23,0,0,15.0,2,148,44,14,43,19,28
2024-01-23 14:00:00,14,1,23,0,0,16.590935582181935,2,88,35,26,8,3,16
2024-01-23 15:00:00,15,1,23,0,0,19.328132612218127,0,106,18,67,4,14,3
2024-01-23 16:00:00,16,1,23,0,0,15.0,0,75,24,20,9,22,0
2024-01-23 17:00:00,17,1,23,0,0,15.0,2,70,43,5,11,4,7
2024-01-23 18:00:00,18,1,23,0,0,16.744921033995883,0,140,16,23,4,78,19
2024-01-23 19:00:00,19,1,23,0,0,15.0,1,192,34,87,52,13,6
2024-01-23 20:00:00,20,1,23,0,0,16.137797117515685,3,139,78,12,36,12,1
2024-01-23 21:00:00,21,1,23,0,0,15.0,0,119,34,34,16,23,12
2024-01-23 22:00:00,22,1,23,0,0,15.297822381501245,1,87,21,43,6,16,1
2024-01-23 23:00:00,23,1,23,0,0,15.0,0,50,13,14,5,11,7
2024-01-24 00:00:00,0,2,24,0,0,18.558127231296687,0,32,4,13,1,5,9
2024-01-24 01:00:00,1,2,24,0,0,15.827543973137765,2,5,4,1,0,0,0
2024-01-24 02:00:00,2,2,24,0,0,16.08734646981239,0,10,2,5,1,2,0
2024-01-24 03:00:00,3,2,24,0,0,15.0,4,6,2,2,1,0,1
2024-01-24 04:00:00,4,2,24,0,0,15.0,1,11,4,4,3,0,0
2024-01-24 05:00:00,5,2,24,0,0,15.0,0,17,5,4,1,2,5
2024-01-24 06:00:00,6,2,24,0,0,16.30647302118351,0,46,8,21,1,7,9
2024-01-24 07:00:00,7,2,24,0,0,15.0,0,63,14,6,9,13,21
2024-01-24 08:00:00,8,2,24,0,0,16.021247040567157,0,84,4,35,24,3,18
2024-01-24 09:00:00,9,2,24,0,0,21.39365332029677,0,86,24,24,24,6,8
2024-01-24 10:00:00,10,2,24,0,0,17.797102275818435,0,109,24,21,14,35,15
2024-01-24 11:00:00,11,2,24,0,0,15.0,0,155,24,46,26,39,20
2024-01-24 12:00:00,12,2,24,0,0,18.822165759153776,1,170,47,63,32,23,5
2024-01-24 13:00:00,13,2,24,0,0,15.0,1,152,22,40,16,5,69
2024-01-24 14:00:00,14,2,24,0,0,15.0,1,110,27,27,42,9,5
2024-01-24 15:00:00,15,2,24,0,0,15.0,0,98,4,42,4,25,23
2024-01-24 16:00:00,16,2,24,0,0,15.0,0,88,21,10,15,25,17
2024-01-24 17:00:00,17,2,24,0,0,15.0,1,73,32,18,13,10,0
2024-01-24 18:00:00,18,2,24,0,0,15.395996874677975,0,147,62,23,26,34,2
2024-01-24 19:00:00,19,2,24,0,0,20.393007404739617,0,181,82,79,11,4,5
2024-01-24 20:00:00,20,2,24,0,0,16.3681651619093,2,171,73,65,24,2,7
2024-01-24 21:00:00,21,2,24,0,0,15.0,1,120,30,43,15,14,18
2024-01-24 22:00:00,22,2,24,0,0,17.925169183920115,1,89,35,18,15,21,0
2024-01-24 23:00:00,23,2,24,0,0,15.0,0,48,18,8,4,7,11
2024-01-25 00:00:00,0,3,25,0,0,16.19627851137416,1,23,6,1,1,10,5
2024-01-25 01:00:00,1,3,25,0,0,17.82935902959891,1,16,7,5,0,4,0
2024-01-25 02:00:00,2,3,25,0,0,15.0,1,10,3,2,3,0,2
2024-01-25 03:00:00,3,3,25,0,0,19.004847218699005,1,11,1,5,2,3,0
2024-01-25 04:00:00,4,3,25,0,0,16.618563014624158,2,9,1,5,1,1,1
2024-01-25 05:00:00,5,3,25,0,0,15.0,1,22,13,5,3,1,0
2024-01-25 06:00:00,6,3,25,0,0,17.562541333346832,0,39,23,7,1,2,6
2024-01-25 07:00:00,7,3,25,0,0,22.50790289359294,1,52,30,3,17,1,1
2024-01-25 08:00:00,8,3,25,0,0,16.27376021950761,1,68,20,22,9,12,5
2024-01-25 09:00:00,9,3,25,0,0,16.505866433788142,1,105,52,27,13,12,1
2024-01-25 10:00:00,10,3,25,0,0,15.0,0,96,29,43,7,4,13
2024-01-25 11:00:00,11,3,25,0,0,15.0,0,189,61,45,61,20,2
2024-01-25 12:00:00,12,3,25,0,0,18.35555287320673,2,145,30,24,4,53,34
2024-01-25 13:00:00,13,3,25,0,0,15.0,1,156,87,35,15,8,11
2024-01-25 14:00:00,14,3,25,0,0,16.151620841291678,2,98,27,15,12,33,11
2024-01-25 15:00:00,15,3,25,0,0,15.0,1,79,19,12,30,15,3
2024-01-25 16:00:00,16,3,25,0,0,17.448999014247505,1,74,26,23,11,9,5
2024-01-25 17:00:00,17,3,25,0,0,17.051642699840592,1,98,28,37,8,19,6
2024-01-25 18:00:00,18,3,25,0,0,19.20255459089002,2,113,27,10,24,7,45
2024-01-25 19:00:00,19,3,25,0,0,15.0,1,173,50,58,54,10,1
2024-01-25 20:00:00,20,3,25,0,0,15.360899265530614,1,190,66,10,38,63,13
2024-01-25 21:00:00,21,3,25,0,0,15.0,0,118,18,55,13,14,18
2024-01-25 22:00:00,22,3,25,0,0,15.0,0,94,14,17,30,27,6
2024-01-25 23:00:00,23,3,25,0,0,17.428344519735557,1,51,2,22,7,4,16
2024-01-26 00:00:00,0,4,26,0,0,18.61071181209167,0,32,5,10,13,1,3
2024-01-26 01:00:00,1,4,26,0,0,15.0,0,16,10,3,1,1,1
2024-01-26 02:00:00,2,4,26,0,0,19.037144753295856,0,15,1,7,5,2,0
2024-01-26 03:00:00,3,4,26,0,0,20.540511932873933,0,5,2,1,2,0,0
2024-01-26 04:00:00,4,4,26,0,0,17.759823748106843,0,8,4,2,0,1,1
2024-01-26 05:00:00,5,4,26,0,0,22.19647297954534,0,24,6,7,3,3,5
2024-01-26 06:00:00,6,4,26,0,0,15.0,2,23,6,4,5,5,3
2024-01-26 07:00:00,7,4,26,0,0,15.0,1,56,11,10,6,21,8
2024-01-26 08:00:00,8,4,26,0,0,15.0,0,96,30,22,40,4,0
2024-01-26 09:00:00,9,4,26,0,0,21.246871048247392,0,106,35,10,33,3,25
2024-01-26 10:00:00,10,4,26,0,0,18.771576526172257,1,97,56,3,26,10,2
2024-01-26 11:00:00,11,4,26,0,0,16.69209080370544,0,161,58,57,31,3,12
2024-01-26 12:00:00,12,4,26,0,0,17.749735935209983,2,137,47,3,16,70,1
2024-01-26 13:00:00,13,4,26,0,0,15.0,1,175,103,29,29,8,6
2024-01-26 14:00:00,14,4,26,0,0,24.350900838377548,1,101,48,17,7,11,18
2024-01-26 15:00:00,15,4,26,0,0,17.45413014301333,0,96,31,13,33,14,5
2024-01-26 16:00:00,16,4,26,0,0,17.448076847747462,1,69,10,24,19,16,0
2024-01-26 17:00:00,17,4,26,0,0,19.35121830317194,0,85,16,13,15,36,5
2024-01-26 18:00:00,18,4,26,0,0,18.671568080640434,2,118,37,33,33,15,0
2024-01-26 19:00:00,19,4,26,0,0,17.955406238960197,1,169,61,29,12,32,35
2024-01-26 20:00:00,20,4,26,0,0,15.0,0,205,81,26,36,41,21
2024-01-26 21:00:00,21,4,26,0,0,18.810345415407678,0,151,25,45,41,29,11
2024-01-26 22:00:00,22,4,26,0,0,23.098977687197376,0,93,15,33,10,15,20
2024-01-26 23:00:00,23,4,26,0,0,21.54670293057491,1,50,7,19,21,3,0
2024-01-27 00:00:00,0,5,27,1,0,22.348111625144245,0,37,8,12,13,1,3
2024-01-27 01:00:00,1,5,27,1,0,16.093579602605203,1,13,2,4,1,4,2
2024-01-27 02:00:00,2,5,27,1,0,15.0,0,9,1,1,4,3,0
2024-01-27 03:00:00,3,5,27,1,0,17.368895529578175,1,7,3,3,1,0,0
2024-01-27 04:00:00,4,5,27,1,0,17.973776733479564,2,10,4,1,4,0,1
2024-01-27 05:00:00,5,5,27,1,0,21.150070063871027,1,26,4,3,6,5,8
2024-01-27 06:00:00,6,5,27,1,0,15.0,1,38,22,6,5,3,2
2024-01-27 07:00:00,7,5,27,1,0,22.579558315383334,0,62,7,27,14,6,8
2024-01-27 08:00:00,8,5,27,1,0,17.579392599673056,0,78,12,5,46,10,5
2024-01-27 09:00:00,9,5,27,1,0,16.8358110332202,1,103,20,37,17,20,9
2024-01-27 10:00:00,10,5,27,1,0,15.143703273594515,0,151,35,24,33,51,8
2024-01-27 11:00:00,11,5,27,1,0,15.0,0,194,48,73,50,8,15
2024-01-27 12:00:00,12,5,27,1,0,20.778205688297163,0,245,124,45,16,10,50
2024-01-27 13:00:00,13,5,27,1,0,18.593753419407832,0,194,21,62,34,73,4
2024-01-27 14:00:00,14,5,27,1,0,15.0,0,120,48,42,8,17,5
2024-01-27 15:00:00,15,5,27,1,0,15.0,2,85,12,42,10,3,18
2024-01-27 16:00:00,16,5,27,1,0,17.56476980526422,0,91,28,8,9,33,13
2024-01-27 17:00:00,17,5,27,1,0,23.64628237309054,1,125,23,48,4,46,4
2024-01-27 18:00:00,18,5,27,1,0,17.92802203541081,0,164,41,47,43,25,8
2024-01-27 19:00:00,19,5,27,1,0,15.0,1,211,46,30,73,21,41
2024-01-27 20:00:00,20,5,27,1,0,18.106156054485577,0,214,71,37,27,73,6
2024-01-27 21:00:00,21,5,27,1,0,18.09421500066978,2,138,3,27,49,58,1
2024-01-27 22:00:00,22,5,27,1,0,15.0,2,95,34,43,6,7,5
2024-01-27 23:00:00,23,5,27,1,0,18.888887532933154,0,83,24,30,11,8,10
2024-01-28 00:00:00,0,6,28,1,0,18.42934388644923,2,24,10,2,2,4,6
2024-01-28 01:00:00,1,6,28,1,0,21.28158953733086,4,13,5,0,1,1,6
2024-01-28 02:00:00,2,6,28,1,0,24.811103921325568,2,9,0,2,4,3,0
2024-01-28 03:00:00,3,6,28,1,0,22.715632719394947,2,10,4,2,2,0,2
2024-01-28 04:00:00,4,6,28,1,0,18.601404893628036,0,9,2,1,2,2,2
2024-01-28 05:00:00,5,6,28,1,0,16.161052420654414,1,27,4,7,3,9,4
2024-01-28 06:00:00,6,6,28,1,0,27.27368905959931,0,53,27,6,5,4,11
2024-01-28 07:00:00,7,6,28,1,0,19.80465921857522,0,61,20,13,26,2,0
2024-01-28 08:00:00,8,6,28,1,0,19.742595233406778,4,45,9,11,22,3,0
2024-01-28 09:00:00,9,6,28,1,0,19.702639091510505,0,109,29,34,23,17,6
2024-01-28 10:00:00,10,6,28,1,0,20.44387353320302,1,137,39,30,42,12,14
2024-01-28 11:00:00,11,6,28,1,0,19.491535134621124,2,205,144,16,20,21,4
2024-01-28 12:00:00,12,6,28,1,0,18.279013979359288,2,186,44,94,39,4,5
2024-01-28 13:00:00,13,6,28,1,0,18.43518757524415,4,105,16,45,32,4,8
2024-01-28 14:00:00,14,6,28,1,0,20.053643986888638,0,121,13,45,37,7,19
2024-01-28 15:00:00,15,6,28,1,0,18.59813808400262,0,108,43,27,9,8,21
2024-01-28 16:00:00,16,6,28,1,0,18.166747024109597,0,100,27,9,15,9,40
2024-01-28 17:00:00,17,6,28,1,0,20.701804550725353,0,118,33,14,62,5,4
2024-01-28 18:00:00,18,6,28,1,0,19.695163350341968,0,167,42,37,27,27,34
2024-01-28 19:00:00,19,6,28,1,0,25.05000083464997,0,261,97,28,81,55,0
2024-01-28 20:00:00,20,6,28,1,0,15.0,1,221,45,72,62,25,17
2024-01-28 21:00:00,21,6,28,1,0,23.96940958768443,1,135,69,37,19,4,6
2024-01-28 22:00:00,22,6,28,1,0,24.512072960085888,0,120,3,14,43,32,28
2024-01-28 23:00:00,23,6,28,1,0,15.0,1,70,32,15,6,9,8
2024-01-29 00:00:00,0,0,29,0,0,19.904570787000953,0,25,6,5,3,1,10
2024-01-29 01:00:00,1,0,29,0,0,19.898186712760157,0,19,10,1,6,2,0
2024-01-29 02:00:00,2,0,29,0,0,16.87015363095379,1,4,1,0,1,1,1
2024-01-29 03:00:00,3,0,29,0,0,18.839715613576477,1,10,4,2,3,1,0
2024-01-29 04:00:00,4,0,29,0,0,17.92220652944339,1,2,1,1,0,0,0
2024-01-29 05:00:00,5,0,29,0,0,26.591799063027896,0,16,6,2,3,5,0
2024-01-29 06:00:00,6,0,29,0,0,24.223355683989375,2,29,15,8,2,3,1
2024-01-29 07:00:00,7,0,29,0,0,25.3125914723878,1,52,18,13,10,9,2
2024-01-29 08:00:00,8,0,29,0,0,23.74481475887302,1,75,33,2,8,11,21
2024-01-29 09:00:00,9,0,29,0,0,18.2747760940106,1,81,27,24,3,26,1
2024-01-29 10:00:00,10,0,29,0,0,20.170757656589103,2,93,31,12,47,1,2
2024-01-29 11:00:00,11,0,29,0,0,23.295077119632836,1,170,60,18,66,19,7
2024-01-29 12:00:00,12,0,29,0,0,18.243446629574688,1,181,57,35,29,54,6
2024-01-29 13:00:00,13,0,29,0,0,24.131937295474426,4,86,20,13,4,17,32
2024-01-29 14:00:00,14,0,29,0,0,21.355306758298234,1,115,10,58,41,1,5
2024-01-29 15:00:00,15,0,29,0,0,21.035384130311982,0,98,45,26,22,5,0
2024-01-29 16:00:00,16,0,29,0,0,24.37650634644048,1,83,27,15,29,10,2
2024-01-29 17:00:00,17,0,29,0,0,23.66040617367554,0,91,19,27,7,22,16
2024-01-29 18:00:00,18,0,29,0,0,21.328911051517554,0,146,45,36,22,40,3
2024-01-29 19:00:00,19,0,29,0,0,25.974189369548323,1,220,37,38,89,48,8
2024-01-29 20:00:00,20,0,29,0,0,19.33759106120363,2,166,58,83,11,6,8
2024-01-29 21:00:00,21,0,29,0,0,24.51335318227373,2,148,24,28,66,22,8
2024-01-29 22:00:00,22,0,29,0,0,24.5297932304665,0,106,59,24,5,15,3
2024-01-29 23:00:00,23,0,29,0,0,21.906964542677,1,48,26,8,4,9,1
2024-01-30 00:00:00,0,1,30,0,0,23.899282158548754,0,37,8,3,5,3,18
2024-01-30 01:00:00,1,1,30,0,0,19.252979926672126,4,14,5,5,4,0,0
2024-01-30 02:00:00,2,1,30,0,0,25.863991103855255,3,6,3,0,0,2,1
2024-01-30 03:00:00,3,1,30,0,0,22.622938335749552,1,11,5,0,3,2,1
2024-01-30 04:00:00,4,1,30,0,0,21.69534916177357,2,7,4,1,1,0,1
2024-01-30 05:00:00,5,1,30,0,0,26.496551618903894,1,17,5,3,2,5,2
2024-01-30 06:00:00,6,1,30,0,0,21.32262427796941,1,43,14,7,2,13,7
2024-01-30 07:00:00,7,1,30,0,0,19.29652199961321,0,75,22,18,17,14,4
2024-01-30 08:00:00,8,1,30,0,0,18.938381469827632,0,69,15,16,10,24,4
2024-01-30 09:00:00,9,1,30,0,0,25.5127679318364,1,108,37,33,20,13,5
2024-01-30 10:00:00,10,1,30,0,0,19.94001850845967,1,105,45,9,36,7,8
2024-01-30 11:00:00,11,1,30,0,0,29.132350408274025,0,173,85,43,27,7,11
2024-01-30 12:00:00,12,1,30,0,0,17.708927143672298,2,170,71,26,38,21,14
2024-01-30 13:00:00,13,1,30,0,0,29.13091157966787,0,180,75,18,38,46,3
2024-01-30 14:00:00,14,1,30,0,0,24.761494974131274,1,131,44,12,16,11,48
2024-01-30 15:00:00,15,1,30,0,0,23.925269707110367,1,95,20,18,4,48,5
2024-01-30 16:00:00,16,1,30,0,0,22.667678002131904,1,81,16,17,40,7,1
2024-01-30 17:00:00,17,1,30,0,0,25.58692294770764,1,76,41,4,4,7,20
2024-01-30 18:00:00,18,1,30,0,0,24.36373633029601,0,143,28,38,48,27,2
2024-01-30 19:00:00,19,1,30,0,0,27.873711772396213,0,204,108,6,17,9,64
2024-01-30 20:00:00,20,1,30,0,0,24.993687978961113,1,197,101,9,80,6,1
2024-01-30 21:00:00,21,1,30,0,0,25.189135801306897,1,142,45,21,33,32,11
2024-01-30 22:00:00,22,1,30,0,0,23.734639298985588,0,111,28,12,15,18,38
2024-01-30 23:00:00,23,1,30,0,0,24.74189777385306,1,61,2,22,6,29,2
2024-01-31 00:00:00,0,2,31,0,0,25.923405306676173,0,41,12,15,6,8,0
2024-01-31 01:00:00,1,2,31,0,0,19.956760177013855,1,22,9,3,8,2,0
2024-01-31 02:00:00,2,2,31,0,0,21.129967798055695,2,12,6,3,0,1,2
2024-01-31 03:00:00,3,2,31,0,0,27.491561765146876,0,11,5,0,6,0,0
2024-01-31 04:00:00,4,2,31,0,0,25.861591281408828,0,11,1,4,5,1,0
2024-01-31 05:00:00,5,2,31,0,0,24.884243864595323,1,18,3,10,0,5,0
2024-01-31 06:00:00,6,2,31,0,0,25.578661361625617,1,43,5,11,9,12,6
2024-01-31 07:00:00,7,2,31,0,0,26.653230511433584,1,69,25,16,18,2,8
2024-01-31 08:00:00,8,2,31,0,0,24.078285696513166,2,64,26,16,5,2,15
2024-01-31 09:00:00,9,2,31,0,0,23.449676781071506,2,86,28,6,8,25,19
2024-01-31 10:00:00,10,2,31,0,0,26.459093192769632,3,82,31,10,4,28,9
2024-01-31 11:00:00,11,2,31,0,0,23.02333919235714,1,154,58,29,51,4,12
2024-01-31 12:00:00,12,2,31,0,0,27.270042899819945,0,197,76,26,3,20,72
2024-01-31 13:00:00,13,2,31,0,0,21.024281324965536,0,201,22,82,47,38,12
2024-01-31 14:00:00,14,2,31,0,0,29.30616034602841,0,101,21,26,20,11,23
2024-01-31 15:00:00,15,2,31,0,0,27.72305436943964,1,79,23,19,1,16,20
2024-01-31 16:00:00,16,2,31,0,0,27.15982021254227,0,78,15,27,9,24,3
2024-01-31 17:00:00,17,2,31,0,0,29.426167063132652,2,79,45,15,3,9,7
2024-01-31 18:00:00,18,2,31,0,0,31.560767983790036,1,144,46,11,41,43,3
2024-01-31 19:00:00,19,2,31,0,0,29.69358625366117,1,184,48,7,55,28,46
2024-01-31 20:00:00,20,2,31,0,0,21.213859082674364,0,193,16,110,22,37,8
2024-01-31 21:00:00,21,2,31,0,0,22.98362435471437,0,151,41,46,15,42,7
2024-01-31 22:00:00,22,2,31,0,0,25.033634220678415,0,116,11,37,23,14,31
2024-01-31 23:00:00,23,2,31,0,0,27.07195249480447,0,53,13,5,11,3,21
2024-02-01 00:00:00,0,3,1,0,1,28.632093969584954,0,34,18,6,3,5,2
2024-02-01 01:00:00,1,3,1,0,1,24.987164699920637,1,23,6,9,3,0,5
2024-02-01 02:00:00,2,3,1,0,1,27.809810836869886,2,10,4,2,2,0,2
2024-02-01 03:00:00,3,3,1,0,1,25.068304841499078,2,11,3,5,0,3,0
2024-02-01 04:00:00,4,3,1,0,1,25.58466554702084,1,12,4,1,4,2,1
2024-02-01 05:00:00,5,3,1,0,1,23.283816749999744,0,32,8,7,10,7,0
2024-02-01 06:00:00,6,3,1,0,1,24.81849071269249,2,43,14,4,13,11,1
2024-02-01 07:00:00,7,3,1,0,1,23.61732994393356,2,78,36,16,4,18,4
2024-02-01 08:00:00,8,3,1,0,1,24.828753799237994,0,105,46,10,24,13,12
2024-02-01 09:00:00,9,3,1,0,1,31.00107883686274,1,130,53,12,27,5,33
2024-02-01 10:00:00,10,3,1,0,1,25.07552038073154,0,168,43,95,15,8,7
2024-02-01 11:00:00,11,3,1,0,1,35.0,2,201,30,134,24,10,3
2024-02-01 12:00:00,12,3,1,0,1,29.57012364639214,4,141,36,33,29,40,3
2024-02-01 13:00:00,13,3,1,0,1,28.727554935135544,0,227,30,101,47,48,1
2024-02-01 14:00:00,14,3,1,0,1,25.680608204027923,2,130,59,57,5,9,0
2024-02-01 15:00:00,15,3,1,0,1,30.438998230564682,1,106,66,23,4,6,7
2024-02-01 16:00:00,16,3,1,0,1,26.69328795454337,3,65,20,25,17,2,1
2024-02-01 17:00:00,17,3,1,0,1,28.86810325653076,0,121,16,62,7,5,31
2024-02-01 18:00:00,18,3,1,0,1,35.0,2,144,51,35,13,3,42
2024-02-01 19:00:00,19,3,1,0,1,28.376832568069027,0,298,54,66,83,22,73
2024-02-01 20:00:00,20,3,1,0,1,32.193885913016146,0,217,50,16,60,77,14
2024-02-01 21:00:00,21,3,1,0,1,26.717305048273232,0,196,25,87,55,14,15
2024-02-01 22:00:00,22,3,1,0,1,28.802345813401843,3,67,5,21,35,5,1
2024-02-01 23:00:00,23,3,1,0,1,34.29989259615899,2,63,32,6,12,8,5
2024-02-02 00:00:00,0,4,2,0,0,27.186465257394694,2,25,6,2,7,6,4
2024-02-02 01:00:00,1,4,2,0,0,34.58427810055317,2,13,3,6,1,0,3
2024-02-02 02:00:00,2,4,2,0,0,31.34943842377342,0,7,1,3,0,3,0
2024-02-02 03:00:00,3,4,2,0,0,27.617710640400148,0,8,4,1,0,3,0
2024-02-02 04:00:00,4,4,2,0,0,31.280934685057336,0,8,0,3,4,1,0
2024-02-02 05:00:00,5,4,2,0,0,32.37964147997827,0,20,7,7,3,2,1
2024-02-02 06:00:00,6,4,2,0,0,31.405334884047065,0,51,6,14,15,12,4
2024-02-02 07:00:00,7,4,2,0,0,24.90681197267897,0,61,21,19,11,9,1
2024-02-02 08:00:00,8,4,2,0,0,27.5133041003843,0,83,32,14,16,2,19
2024-02-02 09:00:00,9,4,2,0,0,29.029031695941562,0,86,14,13,6,29,24
2024-02-02 10:00:00,10,4,2,0,0,29.624795915163237,0,122,10,79,15,11,7
2024-02-02 11:00:00,11,4,2,0,0,31.7862518936867,0,170,55,38,17,36,24
2024-02-02 12:00:00,12,4,2,0,0,30.533103002799756,3,133,23,10,20,75,5
2024-02-02 13:00:00,13,4,2,0,0,26.069350553476742,1,158,40,49,23,34,12
2024-02-02 14:00:00,14,4,2,0,0,31.290974302118432,3,72,17,11,30,11,3
2024-02-02 15:00:00,15,4,2,0,0,32.056742883010955,0,94,21,42,6,24,1
2024-02-02 16:00:00,16,4,2,0,0,31.978563986125163,0,81,16,28,7,24,6
2024-02-02 17:00:00,17,4,2,0,0,33.615338260132106,1,86,45,11,6,19,5
2024-02-02 18:00:00,18,4,2,0,0,32.94815681379698,0,130,43,32,23,18,14
2024-02-02 19:00:00,19,4,2,0,0,31.89691009080589,0,204,81,43,16,26,38
2024-02-02 20:00:00,20,4,2,0,0,30.38143190033152,0,217,79,51,26,55,6
2024-02-02 21:00:00,21,4,2,0,0,25.68117956870036,0,150,63,12,31,32,12
2024-02-02 22:00:00,22,4,2,0,0,32.02461902090822,0,114,39,49,17,1,8
2024-02-02 23:00:00,23,4,2,0,0,31.430092618598724,0,66,6,6,38,6,10
2024-02-03 00:00:00,0,5,3,1,0,31.692589034510853,1,31,12,14,3,2,0
2024-02-03 01:00:00,1,5,3,1,0,27.117982140052483,0,29,12,11,6,0,0
2024-02-03 02:00:00,2,5,3,1,0,27.774980610295692,0,10,3,2,2,3,0
2024-02-03 03:00:00,3,5,3,1,0,34.24707285008591,2,8,0,6,1,1,0
2024-02-03 04:00:00,4,5,3,1,0,31.03794929168662,0,11,2,4,3,2,0
2024-02-03 05:00:00,5,5,3,1,0,33.26964845849407,0,23,12,3,6,2,0
2024-02-03 06:00:00,6,5,3,1,0,31.37815903888975,2,37,13,12,12,0,0
2024-02-03 07:00:00,7,5,3,1,0,31.450050621264865,0,72,28,23,3,17,1
2024-02-03 08:00:00,8,5,3,1,0,34.24272751479339,0,81,35,20,17,5,4
2024-02-03 09:00:00,9,5,3,1,0,29.94634629864971,0,119,52,14,32,18,3
2024-02-03 10:00:00,10,5,3,1,0,31.84895262072802,0,146,44,36,18,7,41
2024-02-03 11:00:00,11,5,3,1,0,30.239374616042248,1,185,78,18,34,24,31
2024-02-03 12:00:00,12,5,3,1,0,30.387817381291637,2,201,79,88,15,18,1
2024-02-03 13:00:00,13,5,3,1,0,30.828385705750684,0,176,42,30,10,58,36
2024-02-03 14:00:00,14,5,3,1,0,32.486384915526116,1,129,50,28,21,5,25
2024-02-03 15:00:00,15,5,3,1,0,30.44729989194711,1,104,8,36,8,32,20
2024-02-03 16:00:00,16,5,3,1,0,35.0,0,87,18,11,30,22,6
2024-02-03 17:00:00,17,5,3,1,0,29.32527073633999,1,107,11,45,18,15,18
2024-02-03 18:00:00,18,5,3,1,0,31.51045287938139,0,158,71,14,20,43,10
2024-02-03 19:00:00,19,5,3,1,0,30.813311316719293,0,248,76,35,53,18,66
2024-02-03 20:00:00,20,5,3,1,0,35.0,0,207,29,58,66,33,21
2024-02-03 21:00:00,21,5,3,1,0,32.84340803965759,0,144,29,35,46,34,0
2024-02-03 22:00:00,22,5,3,1,0,35.0,0,98,22,16,48,8,4
2024-02-03 23:00:00,23,5,3,1,0,27.916092248990317,2,57,23,12,1,19,2
2024-02-04 00:00:00,0,6,4,1,0,33.232599052381715,0,32,1,25,3,1,2
2024-02-04 01:00:00,1,6,4,1,0,35.0,0,14,13,1,0,0,0
2024-02-04 02:00:00,2,6,4,1,0,32.79394777005399,0,13,0,8,1,1,3
2024-02-04 03:00:00,3,6,4,1,0,35.0,1,8,3,2,3,0,0
2024-02-04 04:00:00,4,6,4,1,0,31.108579080888664,1,7,2,5,0,0,0
2024-02-04 05:00:00,5,6,4,1,0,35.0,1,16,0,4,6,6,0
2024-02-04 06:00:00,6,6,4,1,0,35.0,1,37,10,12,10,3,2
2024-02-04 07:00:00,7,6,4,1,0,31.73756588720516,2,60,32,1,9,7,11
2024-02-04 08:00:00,8,6,4,1,0,31.5435999718649,0,77,20,21,10,5,21
2024-02-04 09:00:00,9,6,4,1,0,35.0,1,98,11,42,8,19,18
2024-02-04 10:00:00,10,6,4,1,0,35.0,2,112,15,44,13,37,3
2024-02-04 11:00:00,11,6,4,1,0,31.469988524712363,3,147,50,24,56,15,2
2024-02-04 12:00:00,12,6,4,1,0,31.82960949246189,2,191,48,29,64,37,13
2024-02-04 13:00:00,13,6,4,1,0,32.29580135698167,0,190,76,34,24,40,16
2024-02-04 14:00:00,14,6,4,1,0,29.158168909787086,0,142,28,43,21,11,39
2024-02-04 15:00:00,15,6,4,1,0,30.485306046767562,0,104,28,23,10,37,6
2024-02-04 16:00:00,16,6,4,1,0,30.277953425294214,1,97,24,26,36,11,0
2024-02-04 17:00:00,17,6,4,1,0,31.035465525359296,0,130,27,54,8,28,13
2024-02-04 18:00:00,18,6,4,1,0,33.282651017293894,0,160,42,10,59,22,27
2024-02-04 19:00:00,19,6,4,1,0,34.13655865573841,2,220,56,45,75,44,0
2024-02-04 20:00:00,20,6,4,1,0,35.0,0,221,94,39,50,27,11
2024-02-04 21:00:00,21,6,4,1,0,30.531339521324547,2,157,107,38,5,0,7
2024-02-04 22:00:00,22,6,4,1,0,35.0,0,122,53,26,19,2,22
2024-02-04 23:00:00,23,6,4,1,0,32.974325071738726,0,64,14,18,11,6,15
2024-02-05 00:00:00,0,0,5,0,0,33.51186290888709,0,30,9,6,2,8,5
2024-02-05 01:00:00,1,0,5,0,0,35.0,1,23,19,2,2,0,0
2024-02-05 02:00:00,2,0,5,0,0,30.378031006707054,0,10,1,2,5,2,0
2024-02-05 03:00:00,3,0,5,0,0,34.93540036517181,0,7,3,2,1,1,0
2024-02-05 04:00:00,4,0,5,0,0,34.32883255322844,3,7,0,2,4,0,1
2024-02-05 05:00:00,5,0,5,0,0,35.0,0,16,8,2,5,1,0
2024-02-05 06:00:00,6,0,5,0,0,34.777571173607136,1,45,18,13,7,7,0
2024-02-05 07:00:00,7,0,5,0,0,35.0,1,41,6,3,3,13,16
2024-02-05 08:00:00,8,0,5,0,0,32.07472051023772,0,83,35,22,4,12,10
2024-02-05 09:00:00,9,0,5,0,0,32.43286197849315,1,80,16,12,12,26,14
2024-02-05 10:00:00,10,0,5,0,0,32.1936562910922,0,89,21,35,1,21,11
2024-02-05 11:00:00,11,0,5,0,0,32.433181351284674,1,158,55,26,20,19,38
2024-02-05 12:00:00,12,0,5,0,0,32.223293194506454,0,195,52,57,25,61,0
2024-02-05 13:00:00,13,0,5,0,0,35.0,1,158,22,70,15,50,1
2024-02-05 14:00:00,14,0,5,0,0,35.0,0,109,52,32,16,7,2
2024-02-05 15:00:00,15,0,5,0,0,32.526556443864436,1,81,17,25,2,37,0
2024-02-05 16:00:00,16,0,5,0,0,31.77477182635519,0,71,39,16,2,4,10
2024-02-05 17:00:00,17,0,5,0,0,35.0,0,90,23,29,14,4,20
2024-02-05 18:00:00,18,0,5,0,0,32.679135132129105,0,146,70,33,27,9,7
2024-02-05 19:00:00,19,0,5,0,0,35.0,0,192,47,80,7,55,3
2024-02-05 20:00:00,20,0,5,0,0,35.0,2,149,64,45,18,6,16
2024-02-05 21:00:00,21,0,5,0,0,29.879182565930083,0,119,40,47,5,14,13
2024-02-05 22:00:00,22,0,5,0,0,35.0,2,70,10,11,21,12,16
2024-02-05 23:00:00,23,0,5,0,0,35.0,3,36,16,5,1,10,4
2024-02-06 00:00:00,0,1,6,0,0,32.67219909149838,1,26,0,14,9,2,1
2024-02-06 01:00:00,1,1,6,0,0,33.37406482767432,0,18,9,2,5,0,2
2024-02-06 02:00:00,2,1,6,0,0,35.0,0,12,5,5,0,0,2
2024-02-06 03:00:00,3,1,6,0,0,35.0,1,4,1,1,1,0,1
2024-02-06 04:00:00,4,1,6,0,0,35.0,0,7,2,1,4,0,0
2024-02-06 05:00:00,5,1,6,0,0,35.0,0,12,4,0,1,7,0
2024-02-06 06:00:00,6,1,6,0,0,34.12841658040853,1,38,4,3,11,14,6
2024-02-06 07:00:00,7,1,6,0,0,32.286584670165716,2,52,27,12,7,6,0
2024-02-06 08:00:00,8,1,6,0,0,30.564999578716385,1,56,12,13,11,3,17
2024-02-06 09:00:00,9,1,6,0,0,32.530909084151006,0,103,31,39,7,7,19
2024-02-06 10:00:00,10,1,6,0,0,34.64431972923096,1,118,50,14,22,24,8
2024-02-06 11:00:00,11,1,6,0,0,35.0,0,153,37,46,10,47,13
2024-02-06 12:00:00,12,1,6,0,0,33.22864211022954,0,169,41,56,8,46,18
2024-02-06 13:00:00,13,1,6,0,0,35.0,2,156,47,31,36,8,34
2024-02-06 14:00:00,14,1,6,0,0,34.76700314625838,0,113,34,50,9,3,17
2024-02-06 15:00:00,15,1,6,0,0,35.0,0,93,45,14,2,19,13
2024-02-06 16:00:00,16,1,6,0,0,35.0,0,73,20,21,20,10,2
2024-02-06 17:00:00,17,1,6,0,0,33.27024969661135,2,69,31,16,7,10,5
2024-02-06 18:00:00,18,1,6,0,0,33.408565078396705,1,127,28,17,49,30,3
2024-02-06 19:00:00,19,1,6,0,0,35.0,1,186,23,36,73,42,12
2024-02-06 20:00:00,20,1,6,0,0,35.0,1,169,73,50,19,20,7
2024-02-06 21:00:00,21,1,6,0,0,35.0,0,137,20,50,22,22,23
2024-02-06 22:00:00,22,1,6,0,0,35.0,0,95,63,13,9,1,9
2024-02-06 23:00:00,23,1,6,0,0,33.8578422844047,0,58,11,25,7,5,10
2024-02-07 00:00:00,0,2,7,0,0,35.0,0,26,0,12,4,1,9
2024-02-07 01:00:00,1,2,7,0,0,35.0,0,21,6,4,8,2,1
2024-02-07 02:00:00,2,2,7,0,0,35.0,2,7,1,1,2,2,1
2024-02-07 03:00:00,3,2,7,0,0,35.0,0,5,2,2,1,0,0
2024-02-07 04:00:00,4,2,7,0,0,35.0,0,7,2,2,0,2,1
2024-02-07 05:00:00,5,2,7,0,0,35.0,0,22,1,14,2,4,1
2024-02-07 06:00:00,6,2,7,0,0,35.0,0,41,11,17,12,1,0
2024-02-07 07:00:00,7,2,7,0,0,35.0,2,49,19,11,7,7,5
2024-02-07 08:00:00,8,2,7,0,0,34.492554029240395,0,76,11,33,14,7,11
2024-02-07 09:00:00,9,2,7,0,0,35.0,0,93,10,21,13,40,9
2024-02-07 10:00:00,10,2,7,0,0,35.0,1,103,41,2,53,7,0
2024-02-07 11:00:00,11,2,7,0,0,32.54881221768,0,158,67,24,18,5,44
2024-02-07 12:00:00,12,2,7,0,0,35.0,0,188,59,15,43,44,27
2024-02-07 13:00:00,13,2,7,0,0,33.819602793659634,0,158,21,35,54,38,10
2024-02-07 14:00:00,14,2,7,0,0,35.0,1,104,11,36,22,32,3
2024-02-07 15:00:00,15,2,7,0,0,35.0,4,45,22,11,10,1,1
2024-02-07 16:00:00,16,2,7,0,0,35.0,1,79,5,49,9,15,1
2024-02-07 17:00:00,17,2,7,0,0,35.0,0,116,61,34,11,3,7
2024-02-07 18:00:00,18,2,7,0,0,30.906726924605977,2,121,29,23,55,11,3
2024-02-07 19:00:00,19,2,7,0,0,35.0,0,197,76,51,20,48,2
2024-02-07 20:00:00,20,2,7,0,0,35.0,0,191,33,28,96,2,32
2024-02-07 21:00:00,21,2,7,0,0,35.0,0,128,32,29,52,14,1
2024-02-07 22:00:00,22,2,7,0,0,34.03861227605845,0,102,25,19,27,5,26
2024-02-07 23:00:00,23,2,7,0,0,35.0,1,61,14,12,21,1,13
2024-02-08 00:00:00,0,3,8,0,0,35.0,1,28,11,7,6,1,3
2024-02-08 01:00:00,1,3,8,0,0,35.0,2,18,4,6,4,2,2
2024-02-08 02:00:00,2,3,8,0,0,34.63957491925237,1,6,1,1,1,3,0
2024-02-08 03:00:00,3,3,8,0,0,35.0,1,8,2,5,0,1,0
2024-02-08 04:00:00,4,3,8,0,0,35.0,0,10,5,3,1,0,1
2024-02-08 05:00:00,5,3,8,0,0,35.0,0,11,6,2,1,2,0
2024-02-08 06:00:00,6,3,8,0,0,33.53758256229979,1,46,16,13,0,15,2
2024-02-08 07:00:00,7,3,8,0,0,35.0,0,55,17,22,9,7,0
2024-02-08 08:00:00,8,3,8,0,0,35.0,2,48,14,21,7,5,1
2024-02-08 09:00:00,9,3,8,0,0,31.753003177406367,0,109,17,48,25,11,8
2024-02-08 10:00:00,10,3,8,0,0,35.0,0,113,30,35,4,17,27
2024-02-08 11:00:00,11,3,8,0,0,32.69888460139077,0,170,73,55,21,20,1
2024-02-08 12:00:00,12,3,8,0,0,35.0,0,190,92,25,37,23,13
2024-02-08 13:00:00,13,3,8,0,0,30.193399356848005,0,169,35,37,26,69,2
2024-02-08 14:00:00,14,3,8,0,0,33.06693510603758,1,94,26,7,31,16,14
2024-02-08 15:00:00,15,3,8,0,0,35.0,0,84,21,29,19,3,12
2024-02-08 16:00:00,16,3,8,0,0,35.0,1,67,15,5,34,1,12
2024-02-08 17:00:00,17,3,8,0,0,34.484225620562114,0,78,54,5,3,0,16
2024-02-08 18:00:00,18,3,8,0,0,32.99365968281109,0,129,48,48,20,13,0
2024-02-08 19:00:00,19,3,8,0,0,35.0,0,188,60,47,55,17,9
2024-02-08 20:00:00,20,3,8,0,0,30.268575258134458,2,179,23,39,74,37,6
2024-02-08 21:00:00,21,3,8,0,0,27.991779478821684,0,149,96,21,10,22,0
2024-02-08 22:00:00,22,3,8,0,0,35.0,1,82,42,12,7,4,17
2024-02-08 23:00:00,23,3,8,0,0,33.03100683442443,0,59,37,11,6,5,0
2024-02-09 00:00:00,0,4,9,0,0,31.446866711559398,1,23,3,15,3,2,0
2024-02-09 01:00:00,1,4,9,0,0,35.0,0,12,4,2,3,3,0
2024-02-09 02:00:00,2,4,9,0,0,35.0,1,6,1,4,0,1,0
2024-02-09 03:00:00,3,4,9,0,0,32.7341790187116,1,6,3,0,3,0,0
2024-02-09 04:00:00,4,4,9,0,0,30.556013011846407,2,7,0,0,5,1,1
2024-02-09 05:00:00,5,4,9,0,0,35.0,0,17,4,7,5,1,0
2024-02-09 06:00:00,6,4,9,0,0,35.0,0,40,12,11,4,10,3
2024-02-09 07:00:00,7,4,9,0,0,34.0066480884821,0,69,49,4,16,0,0
2024-02-09 08:00:00,8,4,9,0,0,35.0,2,55,3,13,14,20,5
2024-02-09 09:00:00,9,4,9,0,0,31.028541026134416,1,64,7,17,28,3,9
2024-02-09 10:00:00,10,4,9,0,0,29.628473021750192,1,94,31,22,17,1,23
2024-02-09 11:00:00,11,4,9,0,0,32.094876534207515,0,176,97,57,9,6,7
2024-02-09 12:00:00,12,4,9,0,0,33.99869652735951,0,172,60,42,19,42,9
2024-02-09 13:00:00,13,4,9,0,0,34.82963105673351,0,151,58,25,43,24,1
2024-02-09 14:00:00,14,4,9,0,0,33.33936969679751,3,64,15,15,21,6,7
2024-02-09 15:00:00,15,4,9,0,0,35.0,1,78,27,23,24,1,3
2024-02-09 16:00:00,16,4,9,0,0,30.233322190420342,2,86,22,44,9,3,8
2024-02-09 17:00:00,17,4,9,0,0,35.0,0,86,11,9,16,10,40
2024-02-09 18:00:00,18,4,9,0,0,33.663611706705964,1,127,29,72,8,7,11
2024-02-09 19:00:00,19,4,9,0,0,35.0,1,186,85,36,27,21,17
2024-02-09 20:00:00,20,4,9,0,0,34.85765196772239,0,209,105,46,26,32,0
2024-02-09 21:00:00,21,4,9,0,0,35.0,2,117,38,40,7,20,12
2024-02-09 22:00:00,22,4,9,0,0,35.0,2,68,18,2,17,18,13
2024-02-09 23:00:00,23,4,9,0,0,35.0,2,38,24,5,2,7,0
2024-02-10 00:00:00,0,5,10,1,0,35.0,1,32,11,10,3,7,1
2024-02-10 01:00:00,1,5,10,1,0,35.0,0,20,7,6,3,2,2
2024-02-10 02:00:00,2,5,10,1,0,34.161236516125534,0,12,3,5,2,0,2
2024-02-10 03:00:00,3,5,10,1,0,35.0,3,7,2,2,0,2,1
2024-02-10 04:00:00,4,5,10,1,0,33.21127387870257,0,9,1,4,2,1,1
2024-02-10 05:00:00,5,5,10,1,0,35.0,1,25,4,9,5,3,4
2024-02-10 06:00:00,6,5,10,1,0,31.357528773276435,1,43,7,5,17,13,1
2024-02-10 07:00:00,7,5,10,1,0,35.0,1,59,12,39,2,6,0
2024-02-10 08:00:00,8,5,10,1,0,33.16990187361739,4,36,15,9,4,8,0
2024-02-10 09:00:00,9,5,10,1,0,28.948936579866015,0,92,28,16,34,12,2
2024-02-10 10:00:00,10,5,10,1,0,33.57583368762229,0,120,26,13,56,10,15
2024-02-10 11:00:00,11,5,10,1,0,31.09800021113855,0,197,36,59,61,14,27
2024-02-10 12:00:00,12,5,10,1,0,35.0,0,233,80,44,53,33,23
2024-02-10 13:00:00,13,5,10,1,0,31.080696668265002,0,204,133,27,22,11,11
2024-02-10 14:00:00,14,5,10,1,0,31.647804800828595,0,140,32,30,62,9,7
2024-02-10 15:00:00,15,5,10,1,0,27.26491121007576,2,104,53,8,35,6,2
2024-02-10 16:00:00,16,5,10,1,0,31.523188578319992,2,66,27,5,21,7,6
2024-02-10 17:00:00,17,5,10,1,0,25.554443588637277,0,121,45,59,8,4,5
2024-02-10 18:00:00,18,5,10,1,0,28.019751144112536,0,155,45,71,26,6,7
2024-02-10 19:00:00,19,5,10,1,0,34.99748980231009,2,189,43,65,16,61,4
2024-02-10 20:00:00,20,5,10,1,0,35.0,0,208,35,56,104,8,5
2024-02-10 21:00:00,21,5,10,1,0,33.8804323413552,0,149,12,38,44,8,47
2024-02-10 22:00:00,22,5,10,1,0,29.646167372840083,0,125,13,31,72,9,0
2024-02-10 23:00:00,23,5,10,1,0,32.34642313946408,1,63,23,14,8,2,16
2024-02-11 00:00:00,0,6,11,1,0,32.42064063750224,0,37,14,10,9,1,3
2024-02-11 01:00:00,1,6,11,1,0,28.897679300523617,3,13,1,1,2,4,5
2024-02-11 02:00:00,2,6,11,1,0,35.0,0,12,6,3,1,2,0
2024-02-11 03:00:00,3,6,11,1,0,34.88583058184989,1,8,3,1,3,0,1
2024-02-11 04:00:00,4,6,11,1,0,31.53050548189752,0,7,0,1,4,2,0
2024-02-11 05:00:00,5,6,11,1,0,32.213162008525416,0,21,7,4,4,4,2
2024-02-11 06:00:00,6,6,11,1,0,32.69621623570813,1,51,16,14,8,11,2
2024-02-11 07:00:00,7,6,11,1,0,25.88388803772564,1,69,34,12,20,0,3
2024-02-11 08:00:00,8,6,11,1,0,31.205051557028185,1,90,52,13,14,2,9
2024-02-11 09:00:00,9,6,11,1,0,29.83759301294414,1,94,20,9,53,8,4
2024-02-11 10:00:00,10,6,11,1,0,28.815123570940237,2,122,60,31,3,28,0
2024-02-11 11:00:00,11,6,11,1,0,30.91260119749874,2,159,35,39,43,37,5
2024-02-11 12:00:00,12,6,11,1,0,35.0,1,234,68,91,26,14,35
2024-02-11 13:00:00,13,6,11,1,0,33.548729065958405,0,214,70,54,33,53,4
2024-02-11 14:00:00,14,6,11,1,0,29.847053320556686,0,147,41,30,54,14,8
2024-02-11 15:00:00,15,6,11,1,0,33.21222882737032,0,121,17,35,20,15,34
2024-02-11 16:00:00,16,6,11,1,0,35.0,1,95,17,49,10,15,4
2024-02-11 17:00:00,17,6,11,1,0,34.13468325151595,0,101,18,27,22,11,23
2024-02-11 18:00:00,18,6,11,1,0,31.472095020258898,0,169,41,7,24,9,88
2024-02-11 19:00:00,19,6,11,1,0,29.284336033259482,2,209,58,41,67,41,2
2024-02-11 20:00:00,20,6,11,1,0,33.25128469409735,2,182,40,9,84,47,2
2024-02-11 21:00:00,21,6,11,1,0,32.26807044635246,2,160,88,29,17,24,2
2024-02-11 22:00:00,22,6,11,1,0,33.70372989160369,0,106,33,36,12,15,10
2024-02-11 23:00:00,23,6,11,1,0,32.853743272559335,1,66,16,20,23,4,3
2024-02-12 00:00:00,0,0,12,0,0,34.026510668882736,0,37,11,13,4,7,2
2024-02-12 01:00:00,1,0,12,0,0,29.201323922427697,0,29,5,11,9,2,2
2024-02-12 02:00:00,2,0,12,0,0,34.68794656041345,0,7,1,0,4,2,0
2024-02-12 03:00:00,3,0,12,0,0,31.25686118332553,0,7,2,0,2,3,0
2024-02-12 04:00:00,4,0,12,0,0,35.0,0,13,5,5,1,2,0
2024-02-12 05:00:00,5,0,12,0,0,28.451806398851875,2,19,10,0,7,0,2
2024-02-12 06:00:00,6,0,12,0,0,35.0,0,35,16,10,1,8,0
2024-02-12 07:00:00,7,0,12,0,0,30.966728433856186,1,60,28,7,11,10,4
2024-02-12 08:00:00,8,0,12,0,0,28.3449386314887,1,81,22,33,11,7,8
2024-02-12 09:00:00,9,0,12,0,0,28.773328144996523,0,101,45,24,30,2,0
2024-02-12 10:00:00,10,0,12,0,0,29.189338824517584,0,108,19,24,49,3,13
2024-02-12 11:00:00,11,0,12,0,0,31.347881468812783,0,150,36,29,14,40,31
2024-02-12 12:00:00,12,0,12,0,0,31.5685064641065,1,165,59,75,20,10,1
2024-02-12 13:00:00,13,0,12,0,0,28.203135589218938,0,195,58,20,58,56,3
2024-02-12 14:00:00,14,0,12,0,0,29.77503242568043,0,121,65,22,9,13,12
2024-02-12 15:00:00,15,0,12,0,0,35.0,0,92,3,61,26,0,2
2024-02-12 16:00:00,16,0,12,0,0,34.87734513816104,1,84,58,6,15,3,2
2024-02-12 17:00:00,17,0,12,0,0,30.92645714137244,2,85,46,15,20,2,2
2024-02-12 18:00:00,18,0,12,0,0,29.653915431900064,0,157,37,38,72,10,0
2024-02-12 19:00:00,19,0,12,0,0,29.822072111252872,1,204,34,103,22,18,27
2024-02-12 20:00:00,20,0,12,0,0,31.22426538608203,1,185,90,33,9,31,22
2024-02-12 21:00:00,21,0,12,0,0,26.236733272487744,2,125,62,34,8,17,4
2024-02-12 22:00:00,22,0,12,0,0,28.45405300513696,2,81,12,15,9,8,37
2024-02-12 23:00:00,23,0,12,0,0,24.141180204929626,1,56,12,30,3,1,10
2024-02-13 00:00:00,0,1,13,0,0,30.265035798573848,1,32,6,8,12,6,0
2024-02-13 01:00:00,1,1,13,0,0,30.929078508360696,2,12,0,1,2,9,0
2024-02-13 02:00:00,2,1,13,0,0,27.457751897994616,0,9,4,2,1,2,0
2024-02-13 03:00:00,3,1,13,0,0,33.548794613521004,0,9,2,1,0,1,5
2024-02-13 04:00:00,4,1,13,0,0,25.06876894515211,0,7,1,1,5,0,0
2024-02-13 05:00:00,5,1,13,0,0,24.271887626613513,2,21,3,2,12,0,4
2024-02-13 06:00:00,6,1,13,0,0,29.257034951132923,2,30,10,3,4,10,3
2024-02-13 07:00:00,7,1,13,0,0,31.643368720431152,0,56,16,13,19,8,0
2024-02-13 08:00:00,8,1,13,0,0,33.471984507630296,1,73,18,28,13,9,5
2024-02-13 09:00:00,9,1,13,0,0,26.961415803730894,0,120,64,30,14,7,5
2024-02-13 10:00:00,10,1,13,0,0,31.491724044865464,0,142,51,16,27,34,14
2024-02-13 11:00:00,11,1,13,0,0,28.057521155548798,3,121,12,48,35,25,1
2024-02-13 12:00:00,12,1,13,0,0,27.57228804392702,0,193,93,47,20,17,16
2024-02-13 13:00:00,13,1,13,0,0,30.658037807502758,0,167,70,16,18,63,0
2024-02-13 14:00:00,14,1,13,0,0,29.88068568246762,1,116,24,27,38,14,13
2024-02-13 15:00:00,15,1,13,0,0,23.11097697608648,1,104,14,28,19,21,22
2024-02-13 16:00:00,16,1,13,0,0,32.185994607347666,0,86,41,4,16,24,1
2024-02-13 17:00:00,17,1,13,0,0,31.81265782322492,1,85,23,9,34,17,2
2024-02-13 18:00:00,18,1,13,0,0,25.711502346496623,1,135,10,72,15,22,16
2024-02-13 19:00:00,19,1,13,0,0,28.691210640856646,0,199,58,64,49,8,20
2024-02-13 20:00:00,20,1,13,0,0,28.901309514844886,0,200,52,43,57,12,36
2024-02-13 21:00:00,21,1,13,0,0,28.116474936030777,1,153,50,35,26,36,6
2024-02-13 22:00:00,22,1,13,0,0,25.598595081902392,0,100,26,10,17,38,9
2024-02-13 23:00:00,23,1,13,0,0,25.149526035566886,2,39,27,4,4,2,2
2024-02-14 00:00:00,0,2,14,0,0,27.002454695203255,2,24,10,0,1,12,1
2024-02-14 01:00:00,1,2,14,0,0,30.51186640195007,3,12,5,1,5,1,0
2024-02-14 02:00:00,2,2,14,0,0,28.538890417548757,0,13,0,5,4,3,1
2024-02-14 03:00:00,3,2,14,0,0,25.710512258663154,3,6,3,0,0,3,0
2024-02-14 04:00:00,4,2,14,0,0,29.051577908614338,0,1,0,1,0,0,0
2024-02-14 05:00:00,5,2,14,0,0,18.10484819671656,0,15,7,6,0,2,0
2024-02-14 06:00:00,6,2,14,0,0,30.010641751518634,0,36,10,2,21,3,0
2024-02-14 07:00:00,7,2,14,0,0,21.258952774961806,0,43,10,23,5,0,5
2024-02-14 08:00:00,8,2,14,0,0,25.304408185391264,1,99,30,4,26,5,34
2024-02-14 09:00:00,9,2,14,0,0,22.946252238322096,0,92,42,9,29,9,3
2024-02-14 10:00:00,10,2,14,0,0,22.334649006888775,0,123,61,19,0,24,19
2024-02-14 11:00:00,11,2,14,0,0,29.61451249981463,1,158,100,26,19,13,0
2024-02-14 12:00:00,12,2,14,0,0,24.642181028740872,0,224,60,72,84,2,6
2024-02-14 13:00:00,13,2,14,0,0,26.997969170394402,1,158,43,24,17,6,68
2024-02-14 14:00:00,14,2,14,0,0,25.73079569083903,0,131,53,48,25,3,2
2024-02-14 15:00:00,15,2,14,0,0,27.215713438947823,2,102,30,23,15,32,2
2024-02-14 16:00:00,16,2,14,0,0,25.928030410622032,2,67,12,15,30,1,9
2024-02-14 17:00:00,17,2,14,0,0,21.76150872278286,0,93,35,26,6,13,13
2024-02-14 18:00:00,18,2,14,0,0,28.512160020770864,0,129,12,49,24,34,10
2024-02-14 19:00:00,19,2,14,0,0,23.954924124169416,0,217,67,68,21,46,15
2024-02-14 20:00:00,20,2,14,0,0,20.679249271045755,2,157,54,34,49,16,4
2024-02-14 21:00:00,21,2,14,0,0,23.977424000181,0,155,55,29,21,3,47
2024-02-14 22:00:00,22,2,14,0,0,29.676803436275762,0,86,29,21,5,30,1
2024-02-14 23:00:00,23,2,14,0,0,27.637930581324216,0,66,16,18,31,0,1
2024-02-15 00:00:00,0,3,15,0,1,23.954043596776426,0,35,11,12,4,8,0
2024-02-15 01:00:00,1,3,15,0,1,23.864961532060963,0,22,6,1,12,1,2
2024-02-15 02:00:00,2,3,15,0,1,23.860570781975014,2,13,2,3,3,4,1
2024-02-15 03:00:00,3,3,15,0,1,30.96847446760379,0,7,1,1,3,2,0
2024-02-15 04:00:00,4,3,15,0,1,25.796811389669656,0,8,2,0,3,1,2
2024-02-15 05:00:00,5,3,15,0,1,25.85393106791984,2,16,4,7,3,0,2
2024-02-15 06:00:00,6,3,15,0,1,27.56749079966609,2,56,30,6,3,15,2
2024-02-15 07:00:00,7,3,15,0,1,25.10588208173098,0,74,20,20,17,10,7
2024-02-15 08:00:00,8,3,15,0,1,23.525308825096634,0,99,19,33,19,9,19
2024-02-15 09:00:00,9,3,15,0,1,23.626359495466616,0,118,11,74,26,4,3
2024-02-15 10:00:00,10,3,15,0,1,23.91363879428123,2,125,23,35,54,0,13
2024-02-15 11:00:00,11,3,15,0,1,23.929875765268243,0,222,89,55,37,11,30
2024-02-15 12:00:00,12,3,15,0,1,26.137603998234404,2,190,46,13,113,1,17
2024-02-15 13:00:00,13,3,15,0,1,24.023805519742833,1,216,71,40,34,13,58
2024-02-15 14:00:00,14,3,15,0,1,25.97922679759527,1,142,45,48,36,4,9
2024-02-15 15:00:00,15,3,15,0,1,23.452588337473752,0,119,54,27,8,18,12
2024-02-15 16:00:00,16,3,15,0,1,23.844174561347618,0,94,19,12,22,24,17
2024-02-15 17:00:00,17,3,15,0,1,17.52730383510758,0,108,40,35,7,11,15
2024-02-15 18:00:00,18,3,15,0,1,26.18463837370515,0,204,68,80,8,48,0
2024-02-15 19:00:00,19,3,15,0,1,24.388989369087202,1,273,79,48,95,12,39
2024-02-15 20:00:00,20,3,15,0,1,26.25754855290966,3,180,56,7,19,91,7
2024-02-15 21:00:00,21,3,15,0,1,15.0,1,159,52,31,51,24,1
2024-02-15 22:00:00,22,3,15,0,1,29.35703416057675,1,126,34,46,40,6,0
2024-02-15 23:00:00,23,3,15,0,1,22.58755177136251,0,67,10,5,26,16,10
2024-02-16 00:00:00,0,4,16,0,0,26.245431542034968,0,38,18,2,8,10,0
2024-02-16 01:00:00,1,4,16,0,0,19.715886079242374,0,20,7,2,1,6,4
2024-02-16 02:00:00,2,4,16,0,0,24.588811171749064,1,9,3,2,3,1,0
2024-02-16 03:00:00,3,4,16,0,0,19.505299671919985,2,7,4,1,2,0,0
2024-02-16 04:00:00,4,4,16,0,0,20.709474161915907,1,11,5,1,1,4,0
2024-02-16 05:00:00,5,4,16,0,0,28.238294021055946,0,24,6,13,2,2,1
2024-02-16 06:00:00,6,4,16,0,0,21.83976234668474,0,32,11,5,7,6,3
2024-02-16 07:00:00,7,4,16,0,0,22.979914858756597,1,53,4,17,17,12,3
2024-02-16 08:00:00,8,4,16,0,0,24.85382963389627,0,85,10,50,24,1,0
2024-02-16 09:00:00,9,4,16,0,0,23.64689221687859,2,70,26,20,0,5,19
2024-02-16 10:00:00,10,4,16,0,0,22.527539668203357,2,102,26,19,44,10,3
2024-02-16 11:00:00,11,4,16,0,0,23.087825012355943,1,177,74,10,10,81,2
2024-02-16 12:00:00,12,4,16,0,0,29.120076811965355,0,189,58,84,13,25,9
2024-02-16 13:00:00,13,4,16,0,0,21.65409704484833,0,167,53,43,40,13,18
2024-02-16 14:00:00,14,4,16,0,0,22.347615595573334,0,129,31,36,38,24,0
2024-02-16 15:00:00,15,4,16,0,0,24.81389459568513,0,100,34,17,5,4,40
2024-02-16 16:00:00,16,4,16,0,0,24.89637636561727,0,95,32,17,33,4,9
2024-02-16 17:00:00,17,4,16,0,0,25.05901710408646,1,85,26,36,7,10,6
2024-02-16 18:00:00,18,4,16,0,0,23.332511170634554,1,154,94,34,19,6,1
2024-02-16 19:00:00,19,4,16,0,0,17.90597299456558,0,210,68,56,66,9,11
2024-02-16 20:00:00,20,4,16,0,0,26.15422866274418,0,213,47,33,108,6,19
2024-02-16 21:00:00,21,4,16,0,0,17.734129497293036,0,130,25,52,21,23,9
2024-02-16 22:00:00,22,4,16,0,0,22.000595110824364,0,88,45,11,19,7,6
2024-02-16 23:00:00,23,4,16,0,0,18.749681760689473,2,41,15,11,6,3,6
2024-02-17 00:00:00,0,5,17,1,0,20.740218529463036,0,32,2,14,4,10,2
2024-02-17 01:00:00,1,5,17,1,0,21.839354804348055,0,23,7,8,3,3,2
2024-02-17 02:00:00,2,5,17,1,0,21.737889028943833,0,9,2,0,0,5,2
2024-02-17 03:00:00,3,5,17,1,0,21.960651294622917,2,11,7,4,0,0,0
2024-02-17 04:00:00,4,5,17,1,0,25.457422339285166,1,15,9,0,5,0,1
2024-02-17 05:00:00,5,5,17,1,0,21.898624773443856,0,23,8,6,5,3,1
2024-02-17 06:00:00,6,5,17,1,0,19.7276250967326,1,45,14,9,14,5,3
2024-02-17 07:00:00,7,5,17,1,0,23.274775372514732,1,66,21,13,7,21,4
2024-02-17 08:00:00,8,5,17,1,0,23.87369583891502,3,65,28,2,9,23,3
2024-02-17 09:00:00,9,5,17,1,0,16.545588951992947,0,109,18,52,6,33,0
2024-02-17 10:00:00,10,5,17,1,0,21.944104007086203,2,128,54,25,7,41,1
2024-02-17 11:00:00,11,5,17,1,0,22.17928262589803,2,180,28,85,49,1,17
2024-02-17 12:00:00,12,5,17,1,0,19.107309489920016,2,191,120,37,7,11,16
2024-02-17 13:00:00,13,5,17,1,0,24.051736810327814,1,214,75,62,30,11,36
2024-02-17 14:00:00,14,5,17,1,0,19.39945248980188,1,134,52,34,15,6,27
2024-02-17 15:00:00,15,5,17,1,0,20.151743713255133,0,116,18,51,26,15,6
2024-02-17 16:00:00,16,5,17,1,0,19.18159188481634,1,91,5,9,10,26,41
2024-02-17 17:00:00,17,5,17,1,0,19.673741059276164,1,109,47,7,31,15,9
2024-02-17 18:00:00,18,5,17,1,0,16.264784389164127,1,142,77,11,37,14,3
2024-02-17 19:00:00,19,5,17,1,0,15.16047749909653,0,218,92,23,81,2,20
2024-02-17 20:00:00,20,5,17,1,0,24.191586154967446,1,224,50,82,43,24,25
2024-02-17 21:00:00,21,5,17,1,0,16.795053585796694,2,150,56,61,18,14,1
2024-02-17 22:00:00,22,5,17,1,0,16.290058588120626,0,119,42,48,15,3,11
2024-02-17 23:00:00,23,5,17,1,0,15.0,2,44,7,15,12,6,4
2024-02-18 00:00:00,0,6,18,1,0,17.205262234006767,1,30,10,6,6,4,4
2024-02-18 01:00:00,1,6,18,1,0,15.082502752264102,2,22,5,5,7,0,5
2024-02-18 02:00:00,2,6,18,1,0,23.90789524888862,0,11,4,1,2,4,0
2024-02-18 03:00:00,3,6,18,1,0,21.9418369779407,0,9,4,2,1,0,2
2024-02-18 04:00:00,4,6,18,1,0,16.778934211210252,2,10,1,3,1,3,2
2024-02-18 05:00:00,5,6,18,1,0,25.53216104965674,0,25,5,3,13,1,3
2024-02-18 06:00:00,6,6,18,1,0,21.65209255047641,2,45,6,22,1,12,4
2024-02-18 07:00:00,7,6,18,1,0,17.664723646696498,0,69,29,14,13,8,5
2024-02-18 08:00:00,8,6,18,1,0,15.0,1,82,18,38,6,3,17
2024-02-18 09:00:00,9,6,18,1,0,25.378347234470404,0,122,51,25,8,14,24
2024-02-18 10:00:00,10,6,18,1,0,15.0,1,122,49,30,18,10,15
2024-02-18 11:00:00,11,6,18,1,0,15.0,0,195,78,29,48,19,21
2024-02-18 12:00:00,12,6,18,1,0,21.37640523244035,0,229,39,87,58,22,23
2024-02-18 13:00:00,13,6,18,1,0,25.563355142861216,0,208,73,73,33,27,2
2024-02-18 14:00:00,14,6,18,1,0,22.332834854906576,0,125,33,34,16,20,22
2024-02-18 15:00:00,15,6,18,1,0,19.808181603219534,3,87,19,28,28,5,7
2024-02-18 16:00:00,16,6,18,1,0,19.837679320405886,3,79,9,34,2,23,11
2024-02-18 17:00:00,17,6,18,1,0,20.55115403334242,0,117,63,24,11,11,8
2024-02-18 18:00:00,18,6,18,1,0,20.205717957494816,1,152,60,26,6,50,10
2024-02-18 19:00:00,19,6,18,1,0,18.711069780366312,0,227,101,45,58,22,1
2024-02-18 20:00:00,20,6,18,1,0,18.119205308469123,1,204,35,78,62,22,7
2024-02-18 21:00:00,21,6,18,1,0,17.55847690617855,2,130,35,31,52,4,8
2024-02-18 22:00:00,22,6,18,1,0,15.424569217208266,2,117,55,30,16,12,4
2024-02-18 23:00:00,23,6,18,1,0,16.785201401298444,0,65,20,29,10,3,3
2024-02-19 00:00:00,0,0,19,0,0,15.0,1,28,4,4,12,4,4
2024-02-19 01:00:00,1,0,19,0,0,17.21542391172573,0,15,5,4,3,1,2
2024-02-19 02:00:00,2,0,19,0,0,15.0,4,6,3,1,2,0,0
2024-02-19 03:00:00,3,0,19,0,0,15.0,0,13,6,1,1,3,2
2024-02-19 04:00:00,4,0,19,0,0,17.879238022270656,1,7,0,3,1,3,0
2024-02-19 05:00:00,5,0,19,0,0,21.4597610251566,1,15,1,4,1,2,7
2024-02-19 06:00:00,6,0,19,0,0,19.983490203437235,1,40,20,3,6,11,0
2024-02-19 07:00:00,7,0,19,0,0,15.0,0,57,37,8,7,4,1
2024-02-19 08:00:00,8,0,19,0,0,15.0,2,80,28,24,19,5,4
2024-02-19 09:00:00,9,0,19,0,0,19.8887801610523,0,113,36,28,22,8,19
2024-02-19 10:00:00,10,0,19,0,0,15.0,1,111,36,51,16,7,1
2024-02-19 11:00:00,11,0,19,0,0,16.287531943836754,0,165,51,24,41,48,1
2024-02-19 12:00:00,12,0,19,0,0,18.559986353324184,0,173,56,55,9,41,12
2024-02-19 13:00:00,13,0,19,0,0,15.0,1,138,45,43,33,15,2
2024-02-19 14:00:00,14,0,19,0,0,17.12460607554797,0,131,33,35,20,38,5
2024-02-19 15:00:00,15,0,19,0,0,15.0,0,91,28,18,10,29,6
2024-02-19 16:00:00,16,0,19,0,0,15.0,0,76,21,23,13,16,3
2024-02-19 17:00:00,17,0,19,0,0,17.620487581755935,0,87,10,33,19,20,5
2024-02-19 18:00:00,18,0,19,0,0,15.0,1,165,111,5,17,9,23
2024-02-19 19:00:00,19,0,19,0,0,17.887509755752344,2,183,43,102,22,15,1
2024-02-19 20:00:00,20,0,19,0,0,16.460605641655704,0,187,43,46,54,21,23
2024-02-19 21:00:00,21,0,19,0,0,18.13106821971052,0,132,10,35,23,38,26
2024-02-19 22:00:00,22,0,19,0,0,17.100069395172866,0,96,38,20,18,18,2
2024-02-19 23:00:00,23,0,19,0,0,20.47612968550628,0,62,14,22,12,9,5
2024-02-20 00:00:00,0,1,20,0,0,16.715419470099334,1,35,21,8,2,2,2
2024-02-20 01:00:00,1,1,20,0,0,15.008226417225247,1,22,9,10,0,1,2
2024-02-20 02:00:00,2,1,20,0,0,16.62069543770289,0,7,4,0,1,2,0
2024-02-20 03:00:00,3,1,20,0,0,17.84172296048951,0,9,3,1,5,0,0
2024-02-20 04:00:00,4,1,20,0,0,16.317104282387845,0,12,2,5,3,0,2
2024-02-20 05:00:00,5,1,20,0,0,16.251666741829435,2,17,4,3,5,3,2
2024-02-20 06:00:00,6,1,20,0,0,15.0,3,24,12,3,6,2,1
2024-02-20 07:00:00,7,1,20,0,0,15.0,0,40,4,7,12,14,3
2024-02-20 08:00:00,8,1,20,0,0,15.0,0,79,18,38,19,1,3
2024-02-20 09:00:00,9,1,20,0,0,21.22287738606221,2,72,29,11,1,4,27
2024-02-20 10:00:00,10,1,20,0,0,15.0,2,96,53,21,12,3,7
2024-02-20 11:00:00,11,1,20,0,0,15.0,0,161,11,42,31,57,20
2024-02-20 12:00:00,12,1,20,0,0,15.0,0,203,126,38,1,7,31
2024-02-20 13:00:00,13,1,20,0,0,18.514172386982082,0,166,74,70,2,18,2
2024-02-20 14:00:00,14,1,20,0,0,15.0,1,99,8,41,13,33,4
2024-02-20 15:00:00,15,1,20,0,0,19.50443089290834,0,88,33,23,16,16,0
2024-02-20 16:00:00,16,1,20,0,0,15.0,0,92,54,14,1,2,21
2024-02-20 17:00:00,17,1,20,0,0,16.53280680685116,1,92,49,24,14,5,0
2024-02-20 18:00:00,18,1,20,0,0,15.0,0,130,21,32,38,21,18
2024-02-20 19:00:00,19,1,20,0,0,22.068725490836194,1,193,98,40,16,28,11
2024-02-20 20:00:00,20,1,20,0,0,15.0,0,199,64,18,70,19,28
2024-02-20 21:00:00,21,1,20,0,0,16.5030472197593,0,136,50,70,14,2,0
2024-02-20 22:00:00,22,1,20,0,0,17.446144886803133,1,100,12,22,38,27,1
2024-02-20 23:00:00,23,1,20,0,0,16.758160740292507,0,55,18,14,0,20,3
2024-02-21 00:00:00,0,2,21,0,0,15.0,3,24,7,7,2,0,8
2024-02-21 01:00:00,1,2,21,0,0,15.073368393317455,1,16,6,2,6,0,2
2024-02-21 02:00:00,2,2,21,0,0,15.56838685630698,0,13,1,2,9,1,0
2024-02-21 03:00:00,3,2,21,0,0,15.0,1,10,5,3,2,0,0
2024-02-21 04:00:00,4,2,21,0,0,18.27902039100154,0,7,0,5,0,1,1
2024-02-21 05:00:00,5,2,21,0,0,21.99526447268783,2,22,9,2,2,7,2
2024-02-21 06:00:00,6,2,21,0,0,15.0,0,39,17,6,9,7,0
2024-02-21 07:00:00,7,2,21,0,0,15.0,1,45,13,2,8,13,9
2024-02-21 08:00:00,8,2,21,0,0,15.032196592186269,0,70,9,29,2,28,2
2024-02-21 09:00:00,9,2,21,0,0,23.015428808986186,0,108,28,19,41,8,12
2024-02-21 10:00:00,10,2,21,0,0,15.0,2,91,49,21,18,3,0
2024-02-21 11:00:00,11,2,21,0,0,20.154390345132867,2,149,39,15,62,30,3
2024-02-21 12:00:00,12,2,21,0,0,20.251626434891264,0,187,117,36,7,17,10
2024-02-21 13:00:00,13,2,21,0,0,15.0,0,153,73,3,44,9,24
2024-02-21 14:00:00,14,2,21,0,0,16.890677403079184,2,92,1,30,18,19,24
2024-02-21 15:00:00,15,2,21,0,0,20.05264079374607,2,66,9,24,13,10,10
2024-02-21 16:00:00,16,2,21,0,0,15.0,0,73,25,20,13,12,3
2024-02-21 17:00:00,17,2,21,0,0,15.0,0,88,8,31,4,16,29
2024-02-21 18:00:00,18,2,21,0,0,15.0,0,138,46,45,25,14,8
2024-02-21 19:00:00,19,2,21,0,0,15.0,2,166,71,61,16,9,9
2024-02-21 20:00:00,20,2,21,0,0,15.0,0,167,39,35,53,14,26
2024-02-21 21:00:00,21,2,21,0,0,15.0,0,151,89,12,33,10,7
2024-02-21 22:00:00,22,2,21,0,0,15.176788888364456,1,83,21,21,33,3,5
2024-02-21 23:00:00,23,2,21,0,0,15.0,0,54,14,23,13,0,4
2024-02-22 00:00:00,0,3,22,0,0,15.756138781689511,0,28,17,0,6,1,4
2024-02-22 01:00:00,1,3,22,0,0,15.0,0,13,1,3,5,2,2
2024-02-22 02:00:00,2,3,22,0,0,16.030693715725917,0,7,4,1,0,1,1
2024-02-22 03:00:00,3,3,22,0,0,17.531413547495497,0,5,4,0,0,0,1
2024-02-22 04:00:00,4,3,22,0,0,15.0,1,6,2,3,0,0,1
2024-02-22 05:00:00,5,3,22,0,0,16.14082172532405,0,17,7,1,1,4,4
2024-02-22 06:00:00,6,3,22,0,0,18.696711629874137,1,31,20,3,1,3,4
2024-02-22 07:00:00,7,3,22,0,0,15.0,2,46,19,6,12,4,5
2024-02-22 08:00:00,8,3,22,0,0,20.02380889032215,1,71,19,15,6,28,3
2024-02-22 09:00:00,9,3,22,0,0,16.260483778342564,0,109,25,18,51,11,4
2024-02-22 10:00:00,10,3,22,0,0,15.0,0,102,42,21,11,4,24
2024-02-22 11:00:00,11,3,22,0,0,15.0,0,153,70,15,16,40,12
2024-02-22 12:00:00,12,3,22,0,0,16.674980737565168,0,193,62,61,10,11,49
2024-02-22 13:00:00,13,3,22,0,0,15.228396943595522,0,138,20,21,56,38,3
2024-02-22 14:00:00,14,3,22,0,0,16.617791025775194,1,114,18,8,39,24,25
2024-02-22 15:00:00,15,3,22,0,0,15.0,0,95,35,4,8,29,19
2024-02-22 16:00:00,16,3,22,0,0,15.514174201917276,0,94,23,13,25,27,6
2024-02-22 17:00:00,17,3,22,0,0,15.0,0,91,5,19,46,18,3
2024-02-22 18:00:00,18,3,22,0,0,15.0,1,144,14,72,42,11,5
2024-02-22 19:00:00,19,3,22,0,0,15.0,0,190,79,44,18,43,6
2024-02-22 20:00:00,20,3,22,0,0,15.0,1,159,48,76,24,11,0
2024-02-22 21:00:00,21,3,22,0,0,18.739106188300035,0,156,59,40,34,21,2
2024-02-22 22:00:00,22,3,22,0,0,18.311983380865353,2,77,14,10,12,18,23
2024-02-22 23:00:00,23,3,22,0,0,16.873452379049745,2,44,10,15,6,3,10
2024-02-23 00:00:00,0,4,23,0,0,15.0,0,21,3,12,6,0,0
2024-02-23 01:00:00,1,4,23,0,0,15.0,0,15,7,4,3,0,1
2024-02-23 02:00:00,2,4,23,0,0,18.71383158352433,0,8,4,2,0,2,0
2024-02-23 03:00:00,3,4,23,0,0,15.51070212718161,0,5,2,1,1,0,1
2024-02-23 04:00:00,4,4,23,0,0,22.05530793252938,1,8,3,1,3,0,1
2024-02-23 05:00:00,5,4,23,0,0,16.289794884563946,2,12,1,4,2,5,0
2024-02-23 06:00:00,6,4,23,0,0,15.699263943518716,1,35,1,3,8,21,2
2024-02-23 07:00:00,7,4,23,0,0,15.0,2,38,17,8,9,1,3
2024-02-23 08:00:00,8,4,23,0,0,15.552545184224764,0,80,47,17,7,7,2
2024-02-23 09:00:00,9,4,23,0,0,15.0,0,87,38,18,16,14,1
2024-02-23 10:00:00,10,4,23,0,0,17.308054195589133,1,97,22,7,13,28,27
2024-02-23 11:00:00,11,4,23,0,0,18.070859904175457,0,170,70,32,26,18,24
2024-02-23 12:00:00,12,4,23,0,0,15.0,1,200,54,41,31,61,13
2024-02-23 13:00:00,13,4,23,0,0,15.0,0,173,79,4,57,29,4
2024-02-23 14:00:00,14,4,23,0,0,15.0,0,95,12,25,35,6,17
2024-02-23 15:00:00,15,4,23,0,0,16.800274776760862,4,42,15,10,4,8,5
2024-02-23 16:00:00,16,4,23,0,0,15.0,0,83,34,19,15,11,4
2024-02-23 17:00:00,17,4,23,0,0,15.0,3,63,41,9,8,5,0
2024-02-23 18:00:00,18,4,23,0,0,16.506477550702208,3,80,21,28,21,6,4
2024-02-23 19:00:00,19,4,23,0,0,22.84269402021214,1,226,45,21,121,23,16
2024-02-23 20:00:00,20,4,23,0,0,15.36917030599713,1,155,25,49,36,1,44
2024-02-23 21:00:00,21,4,23,0,0,17.927274974672994,1,130,66,15,30,18,1
2024-02-23 22:00:00,22,4,23,0,0,15.682440516012342,2,66,11,22,26,7,0
2024-02-23 23:00:00,23,4,23,0,0,15.166161532944303,0,44,15,19,7,3,0
2024-02-24 00:00:00,0,5,24,1,0,18.246664286011768,0,38,12,0,9,12,5
2024-02-24 01:00:00,1,5,24,1,0,15.0,1,23,7,6,7,1,2
2024-02-24 02:00:00,2,5,24,1,0,16.346991186222542,0,10,2,1,1,4,2
2024-02-24 03:00:00,3,5,24,1,0,16.538678507666255,0,3,1,2,0,0,0
2024-02-24 04:00:00,4,5,24,1,0,15.0,0,7,1,1,2,3,0
2024-02-24 05:00:00,5,5,24,1,0,18.609405156125593,1,27,14,3,7,3,0
2024-02-24 06:00:00,6,5,24,1,0,15.139316464941755,2,40,13,10,2,2,13
2024-02-24 07:00:00,7,5,24,1,0,15.0,0,67,17,10,14,11,15
2024-02-24 08:00:00,8,5,24,1,0,17.33769098504333,2,77,9,24,12,4,28
2024-02-24 09:00:00,9,5,24,1,0,15.0,1,89,32,22,7,16,12
2024-02-24 10:00:00,10,5,24,1,0,15.879494937582987,2,126,13,58,49,3,3
2024-02-24 11:00:00,11,5,24,1,0,15.802042266216144,1,192,61,41,67,17,6
2024-02-24 12:00:00,12,5,24,1,0,19.122232121068727,1,210,21,49,22,79,39
2024-02-24 13:00:00,13,5,24,1,0,17.324481989874418,0,193,66,22,74,31,0
2024-02-24 14:00:00,14,5,24,1,0,15.861841253398064,2,118,38,58,12,8,2
2024-02-24 15:00:00,15,5,24,1,0,18.427446054102255,0,134,50,32,14,32,6
2024-02-24 16:00:00,16,5,24,1,0,20.18268218406026,2,87,15,27,11,30,4
2024-02-24 17:00:00,17,5,24,1,0,17.724087303035333,4,68,26,6,30,3,3
2024-02-24 18:00:00,18,5,24,1,0,16.12099261764646,0,167,36,21,21,21,68
2024-02-24 19:00:00,19,5,24,1,0,15.0,0,225,42,35,101,36,11
2024-02-24 20:00:00,20,5,24,1,0,15.0,1,232,118,25,22,15,52
2024-02-24 21:00:00,21,5,24,1,0,15.296154760316345,0,160,107,13,6,30,4
2024-02-24 22:00:00,22,5,24,1,0,15.0,2,108,31,14,29,27,7
2024-02-24 23:00:00,23,5,24,1,0,15.735529131644665,0,65,23,10,18,10,4
2024-02-25 00:00:00,0,6,25,1,0,16.509695736846933,0,28,5,10,0,10,3
2024-02-25 01:00:00,1,6,25,1,0,17.972786658654925,3,16,1,8,2,4,1
2024-02-25 02:00:00,2,6,25,1,0,16.2168306588016,1,10,5,0,0,4,1
2024-02-25 03:00:00,3,6,25,1,0,17.933103287937676,2,9,1,4,3,1,0
2024-02-25 04:00:00,4,6,25,1,0,16.712942282866102,0,13,3,3,5,2,0
2024-02-25 05:00:00,5,6,25,1,0,15.0,1,29,13,3,6,6,1
2024-02-25 06:00:00,6,6,25,1,0,15.0,1,31,15,1,1,9,5
2024-02-25 07:00:00,7,6,25,1,0,16.228879112163476,1,59,20,12,7,18,2
2024-02-25 08:00:00,8,6,25,1,0,15.0,1,84,28,9,34,5,8
2024-02-25 09:00:00,9,6,25,1,0,18.558524303768454,1,117,11,23,62,19,2
2024-02-25 10:00:00,10,6,25,1,0,21.40073205414118,0,147,15,57,56,14,5
2024-02-25 11:00:00,11,6,25,1,0,20.51513037152875,0,198,57,98,17,14,12
2024-02-25 12:00:00,12,6,25,1,0,16.269501443459898,1,198,32,69,48,42,7
2024-02-25 13:00:00,13,6,25,1,0,21.433609804377685,0,201,85,26,45,37,8
2024-02-25 14:00:00,14,6,25,1,0,17.4596472711334,1,122,56,13,32,16,5
2024-02-25 15:00:00,15,6,25,1,0,16.05520868373353,0,118,43,36,7,17,15
2024-02-25 16:00:00,16,6,25,1,0,15.279684473309967,1,96,35,17,17,15,12
2024-02-25 17:00:00,17,6,25,1,0,16.266509372011466,1,108,32,37,18,9,12
2024-02-25 18:00:00,18,6,25,1,0,16.064009929806602,0,173,38,61,39,6,29
2024-02-25 19:00:00,19,6,25,1,0,17.795002833249267,0,266,12,51,49,52,102
2024-02-25 20:00:00,20,6,25,1,0,17.821277511959806,0,198,27,114,30,27,0
2024-02-25 21:00:00,21,6,25,1,0,17.405078404459935,1,158,11,63,53,24,7
2024-02-25 22:00:00,22,6,25,1,0,18.76371870701131,2,94,19,11,51,11,2
2024-02-25 23:00:00,23,6,25,1,0,21.082381616468993,0,70,25,16,17,3,9
2024-02-26 00:00:00,0,0,26,0,0,20.41721415155003,1,29,6,6,10,7,0
2024-02-26 01:00:00,1,0,26,0,0,15.0,0,13,1,7,0,2,3
2024-02-26 02:00:00,2,0,26,0,0,15.0,0,7,1,1,2,2,1
2024-02-26 03:00:00,3,0,26,0,0,20.549216023594944,2,10,2,4,4,0,0
2024-02-26 04:00:00,4,0,26,0,0,15.0,0,7,1,1,2,1,2
2024-02-26 05:00:00,5,0,26,0,0,17.193199302780126,0,19,4,0,4,8,3
2024-02-26 06:00:00,6,0,26,0,0,15.0,0,33,18,3,5,5,2
2024-02-26 07:00:00,7,0,26,0,0,15.0,0,63,14,25,5,7,12
2024-02-26 08:00:00,8,0,26,0,0,19.67780448002439,0,86,22,10,24,5,25
2024-02-26 09:00:00,9,0,26,0,0,20.39391972397039,0,96,40,13,8,2,33
2024-02-26 10:00:00,10,0,26,0,0,16.450485197194855,1,109,53,18,24,12,2
2024-02-26 11:00:00,11,0,26,0,0,15.0,0,171,39,68,22,27,15
2024-02-26 12:00:00,12,0,26,0,0,16.66996059165396,1,149,54,35,17,18,25
2024-02-26 13:00:00,13,0,26,0,0,19.54921153405027,0,174,23,72,39,28,12
2024-02-26 14:00:00,14,0,26,0,0,15.0,0,90,35,19,18,14,4
2024-02-26 15:00:00,15,0,26,0,0,19.055599276035625,1,91,34,27,24,3,3
2024-02-26 16:00:00,16,0,26,0,0,18.526194355615623,3,64,43,11,1,8,1
2024-02-26 17:00:00,17,0,26,0,0,20.377092296025623,0,90,25,5,6,22,32
2024-02-26 18:00:00,18,0,26,0,0,19.065537194744078,2,125,70,24,7,20,4
2024-02-26 19:00:00,19,0,26,0,0,15.85564681097914,1,192,38,52,55,23,24
2024-02-26 20:00:00,20,0,26,0,0,22.433099751736876,1,193,43,60,82,4,4
2024-02-26 21:00:00,21,0,26,0,0,18.43679699083188,1,157,32,40,22,8,55
2024-02-26 22:00:00,22,0,26,0,0,18.899936149949724,0,96,28,18,17,33,0
2024-02-26 23:00:00,23,0,26,0,0,16.251968255266984,0,48,12,11,16,4,5
2024-02-27 00:00:00,0,1,27,0,0,17.792300723500734,1,26,4,11,3,3,5
2024-02-27 01:00:00,1,1,27,0,0,16.538562300809907,0,18,6,5,4,3,0
2024-02-27 02:00:00,2,1,27,0,0,18.745397456719257,2,11,4,5,0,1,1
2024-02-27 03:00:00,3,1,27,0,0,24.4710630711787,0,6,2,0,2,2,0
2024-02-27 04:00:00,4,1,27,0,0,15.29236753649847,0,7,0,1,4,2,0
2024-02-27 05:00:00,5,1,27,0,0,15.0,1,17,1,1,8,3,4
2024-02-27 06:00:00,6,1,27,0,0,23.967120632330552,0,41,6,15,15,0,5
2024-02-27 07:00:00,7,1,27,0,0,18.999032885076144,1,50,8,10,21,7,4
2024-02-27 08:00:00,8,1,27,0,0,17.693589141688193,1,67,9,20,4,27,7
2024-02-27 09:00:00,9,1,27,0,0,22.89472841502874,2,82,26,23,17,12,4
2024-02-27 10:00:00,10,1,27,0,0,18.032772631688843,1,91,10,10,54,16,1
2024-02-27 11:00:00,11,1,27,0,0,25.402645511033754,1,180,30,65,39,28,18
2024-02-27 12:00:00,12,1,27,0,0,22.033777614017808,1,168,33,11,44,61,19
2024-02-27 13:00:00,13,1,27,0,0,18.61203017452822,2,142,21,58,23,16,24
2024-02-27 14:00:00,14,1,27,0,0,26.62382843733313,0,115,12,34,42,21,6
2024-02-27 15:00:00,15,1,27,0,0,18.411267628393905,0,116,13,26,26,50,1
2024-02-27 16:00:00,16,1,27,0,0,22.53157048816901,0,98,42,20,4,15,17
2024-02-27 17:00:00,17,1,27,0,0,21.280391608869127,0,71,8,16,42,5,0
2024-02-27 18:00:00,18,1,27,0,0,24.365318870800913,1,144,58,34,7,18,27
2024-02-27 19:00:00,19,1,27,0,0,25.222555459082468,1,226,62,62,55,4,43
2024-02-27 20:00:00,20,1,27,0,0,20.71230097930652,1,170,101,39,8,13,9
2024-02-27 21:00:00,21,1,27,0,0,18.434635420878486,0,161,43,23,67,22,6
2024-02-27 22:00:00,22,1,27,0,0,22.153733811410355,1,101,34,44,15,5,3
2024-02-27 23:00:00,23,1,27,0,0,18.819921464181288,0,56,24,15,12,5,0
2024-02-28 00:00:00,0,2,28,0,0,26.97279531182186,1,24,15,2,6,1,0
2024-02-28 01:00:00,1,2,28,0,0,21.422115303995753,1,24,4,5,4,3,8
2024-02-28 02:00:00,2,2,28,0,0,19.996724061170948,0,12,2,6,1,3,0
2024-02-28 03:00:00,3,2,28,0,0,21.72720659394382,0,9,4,4,1,0,0
2024-02-28 04:00:00,4,2,28,0,0,17.212555197251795,0,10,2,3,3,0,2
2024-02-28 05:00:00,5,2,28,0,0,18.420145617225053,2,11,2,5,2,2,0
2024-02-28 06:00:00,6,2,28,0,0,25.017562228380267,2,29,10,6,6,6,1
2024-02-28 07:00:00,7,2,28,0,0,19.527243350491144,1,69,20,12,19,17,1
2024-02-28 08:00:00,8,2,28,0,0,18.439065618697477,0,76,6,9,42,16,3
2024-02-28 09:00:00,9,2,28,0,0,23.271889665244142,0,93,28,37,11,10,7
2024-02-28 10:00:00,10,2,28,0,0,25.301430919417427,1,129,39,20,9,61,0
2024-02-28 11:00:00,11,2,28,0,0,23.98381336794426,1,175,50,31,85,0,9
2024-02-28 12:00:00,12,2,28,0,0,24.89797311366797,0,195,66,33,48,32,16
2024-02-28 13:00:00,13,2,28,0,0,19.722556739248894,0,167,53,31,23,28,32
2024-02-28 14:00:00,14,2,28,0,0,17.81085095254709,1,98,25,47,12,11,3
2024-02-28 15:00:00,15,2,28,0,0,26.66384750882723,0,99,48,22,9,20,0
2024-02-28 16:00:00,16,2,28,0,0,21.275586925303593,0,95,14,12,24,44,1
2024-02-28 17:00:00,17,2,28,0,0,21.575117189852275,0,101,14,35,2,36,14
2024-02-28 18:00:00,18,2,28,0,0,26.396391974521965,1,140,91,28,4,15,2
2024-02-28 19:00:00,19,2,28,0,0,24.16488998765756,2,182,84,46,16,31,5
2024-02-28 20:00:00,20,2,28,0,0,23.948444360248132,3,147,70,31,6,40,0
2024-02-28 21:00:00,21,2,28,0,0,29.1605533961442,1,132,33,12,20,49,18
2024-02-28 22:00:00,22,2,28,0,0,20.819934765420914,1,88,48,22,12,0,6
2024-02-28 23:00:00,23,2,28,0,0,25.61912424486267,0,61,24,18,6,0,13
2024-02-29 00:00:00,0,3,29,0,0,23.09192246651366,1,21,12,2,0,2,5
2024-02-29 01:00:00,1,3,29,0,0,23.812097492417795,0,15,8,6,0,1,0
2024-02-29 02:00:00,2,3,29,0,0,27.677315325472136,1,14,6,3,1,4,0
2024-02-29 03:00:00,3,3,29,0,0,24.7011520139474,0,5,1,0,1,3,0
2024-02-29 04:00:00,4,3,29,0,0,24.878406460479592,0,6,2,1,2,1,0
2024-02-29 05:00:00,5,3,29,0,0,26.56704595332264,0,22,5,4,8,3,2
2024-02-29 06:00:00,6,3,29,0,0,22.34079716096902,0,43,22,4,16,1,0
2024-02-29 07:00:00,7,3,29,0,0,21.004276886686874,0,69,21,37,6,4,1
2024-02-29 08:00:00,8,3,29,0,0,20.473841408336256,0,93,29,19,9,23,13
2024-02-29 09:00:00,9,3,29,0,0,17.795668309671466,3,74,9,21,36,4,4
2024-02-29 10:00:00,10,3,29,0,0,29.949927955769493,0,120,37,26,22,13,22
2024-02-29 11:00:00,11,3,29,0,0,20.558342765155896,1,191,83,28,54,5,21
2024-02-29 12:00:00,12,3,29,0,0,23.29095449656614,2,171,41,68,7,34,21
2024-02-29 13:00:00,13,3,29,0,0,23.211102575131,4,106,4,46,46,9,1
2024-02-29 14:00:00,14,3,29,0,0,25.050662665950735,1,114,21,40,27,26,0
2024-02-29 15:00:00,15,3,29,0,0,26.662620680339433,2,92,32,32,20,8,0
2024-02-29 16:00:00,16,3,29,0,0,26.883855727637986,0,103,9,11,39,24,20
2024-02-29 17:00:00,17,3,29,0,0,22.640282288944594,0,78,3,21,42,8,4
2024-02-29 18:00:00,18,3,29,0,0,23.975275296211322,0,150,22,61,5,28,34
2024-02-29 19:00:00,19,3,29,0,0,25.411545977811542,1,225,112,16,38,20,39
2024-02-29 20:00:00,20,3,29,0,0,23.90493165442433,1,166,36,27,58,25,20
2024-02-29 21:00:00,21,3,29,0,0,29.56026724498124,0,144,37,22,40,15,30
2024-02-29 22:00:00,22,3,29,0,0,26.298400790541926,0,96,53,22,16,0,5
2024-02-29 23:00:00,23,3,29,0,0,27.117368003165694,1,53,11,21,10,11,0
2024-03-01 00:00:00,0,4,1,0,1,26.988643806002234,0,38,19,8,4,6,1
2024-03-01 01:00:00,1,4,1,0,1,28.607686927439723,1,33,11,4,10,4,4
2024-03-01 02:00:00,2,4,1,0,1,25.71758874048394,1,15,5,7,2,1,0
2024-03-01 03:00:00,3,4,1,0,1,21.371273639211186,1,12,3,5,2,2,0
2024-03-01 04:00:00,4,4,1,0,1,26.548058822282925,1,10,2,3,4,1,0
2024-03-01 05:00:00,5,4,1,0,1,23.482123192277857,2,25,10,11,1,1,2
2024-03-01 06:00:00,6,4,1,0,1,23.937509517180168,0,51,15,0,20,9,7
2024-03-01 07:00:00,7,4,1,0,1,27.369577451613843,1,72,16,43,3,7,3
2024-03-01 08:00:00,8,4,1,0,1,29.412413951742145,1,85,6,28,37,11,3
2024-03-01 09:00:00,9,4,1,0,1,25.848405687486636,0,120,14,25,53,21,7
2024-03-01 10:00:00,10,4,1,0,1,26.798056465273465,0,164,42,29,35,56,2
2024-03-01 11:00:00,11,4,1,0,1,31.06510235910796,0,208,64,20,70,14,40
2024-03-01 12:00:00,12,4,1,0,1,26.767544171142237,0,269,136,53,38,33,9
2024-03-01 13:00:00,13,4,1,0,1,33.93708148022024,1,200,7,26,76,87,4
2024-03-01 14:00:00,14,4,1,0,1,27.915222370946115,2,135,84,7,32,5,7
2024-03-01 15:00:00,15,4,1,0,1,21.02297364473305,0,136,64,13,23,20,16
2024-03-01 16:00:00,16,4,1,0,1,28.651755872914247,0,106,25,14,23,36,8
2024-03-01 17:00:00,17,4,1,0,1,27.621569265944448,3,77,11,16,31,10,9
2024-03-01 18:00:00,18,4,1,0,1,30.43360291265053,0,177,41,43,25,19,49
2024-03-01 19:00:00,19,4,1,0,1,28.67002011241665,0,283,160,47,38,31,7
2024-03-01 20:00:00,20,4,1,0,1,26.321113824717994,1,254,11,102,58,34,49
2024-03-01 21:00:00,21,4,1,0,1,23.149460546053366,1,173,52,18,85,15,3
2024-03-01 22:00:00,22,4,1,0,1,26.281020181907373,0,126,63,23,18,20,2
2024-03-01 23:00:00,23,4,1,0,1,24.442117981544083,0,83,48,14,5,6,10
2024-03-02 00:00:00,0,5,2,1,0,25.337546558763414,0,43,17,19,2,3,2
2024-03-02 01:00:00,1,5,2,1,0,28.93013135264286,1,23,3,6,7,3,4
2024-03-02 02:00:00,2,5,2,1,0,32.25922405649285,1,10,3,2,2,3,0
2024-03-02 03:00:00,3,5,2,1,0,28.518468228027988,0,12,4,1,2,5,0
2024-03-02 04:00:00,4,5,2,1,0,23.831569769891125,1,12,5,4,0,0,3
2024-03-02 05:00:00,5,5,2,1,0,28.837608045204817,2,29,9,6,2,12,0
2024-03-02 06:00:00,6,5,2,1,0,31.178084910962152,0,40,9,16,6,2,7
2024-03-02 07:00:00,7,5,2,1,0,25.843035047824426,0,81,17,7,35,20,2
2024-03-02 08:00:00,8,5,2,1,0,27.35432205815122,1,96,49,1,34,3,9
2024-03-02 09:00:00,9,5,2,1,0,27.884218031226812,0,108,36,11,13,33,15
2024-03-02 10:00:00,10,5,2,1,0,25.569022107980654,0,130,15,36,37,5,37
2024-03-02 11:00:00,11,5,2,1,0,29.951899296574293,1,185,37,42,9,39,58
2024-03-02 12:00:00,12,5,2,1,0,27.727325497926124,2,207,68,55,58,11,15
2024-03-02 13:00:00,13,5,2,1,0,29.431643895771995,2,177,113,28,17,14,5
2024-03-02 14:00:00,14,5,2,1,0,25.593205011165267,1,147,67,54,12,6,8
2024-03-02 15:00:00,15,5,2,1,0,27.025693691367476,1,116,41,7,2,35,31
2024-03-02 16:00:00,16,5,2,1,0,30.587345506739993,0,93,37,5,41,3,7
2024-03-02 17:00:00,17,5,2,1,0,27.383574356319375,1,115,14,43,12,10,36
2024-03-02 18:00:00,18,5,2,1,0,33.76457104915322,0,174,32,42,30,58,12
2024-03-02 19:00:00,19,5,2,1,0,27.466103710399157,0,250,93,62,83,10,2
2024-03-02 20:00:00,20,5,2,1,0,29.420120111414782,1,226,38,30,119,33,6
2024-03-02 21:00:00,21,5,2,1,0,31.624606819270166,1,157,87,15,32,15,8
2024-03-02 22:00:00,22,5,2,1,0,24.652214086093636,0,116,45,11,36,18,6
2024-03-02 23:00:00,23,5,2,1,0,23.70506425331014,2,56,44,3,7,2,0
2024-03-03 00:00:00,0,6,3,1,0,24.4903974870477,0,39,12,6,2,11,8
2024-03-03 01:00:00,1,6,3,1,0,32.934684736843934,0,24,3,6,9,2,4
2024-03-03 02:00:00,2,6,3,1,0,27.57060817972966,0,7,2,1,2,0,2
2024-03-03 03:00:00,3,6,3,1,0,35.0,1,15,4,5,0,5,1
2024-03-03 04:00:00,4,6,3,1,0,27.690968671918604,1,15,6,5,1,0,3
2024-03-03 05:00:00,5,6,3,1,0,30.01563204068921,0,29,11,4,1,9,4
2024-03-03 06:00:00,6,6,3,1,0,34.16623485509908,1,42,15,18,4,3,2
2024-03-03 07:00:00,7,6,3,1,0,35.0,0,63,20,11,15,6,11
2024-03-03 08:00:00,8,6,3,1,0,35.0,1,76,33,24,12,3,4
2024-03-03 09:00:00,9,6,3,1,0,33.3966862943755,0,111,38,38,16,8,11
2024-03-03 10:00:00,10,6,3,1,0,32.92028377989776,0,143,31,35,16,16,45
2024-03-03 11:00:00,11,6,3,1,0,31.7018164486382,2,183,46,11,20,86,20
2024-03-03 12:00:00,12,6,3,1,0,32.335083228499904,0,196,83,10,77,14,12
2024-03-03 13:00:00,13,6,3,1,0,28.42182648062144,0,217,94,38,21,57,7
2024-03-03 14:00:00,14,6,3,1,0,27.695784098833602,1,149,31,16,17,70,15
2024-03-03 15:00:00,15,6,3,1,0,30.214862274926624,3,82,25,3,30,9,15
2024-03-03 16:00:00,16,6,3,1,0,29.788638774757267,0,104,18,23,41,9,13
2024-03-03 17:00:00,17,6,3,1,0,29.0133119354864,0,133,31,42,34,15,11
2024-03-03 18:00:00,18,6,3,1,0,32.53555269252041,0,165,56,46,46,17,0
2024-03-03 19:00:00,19,6,3,1,0,33.38528547883212,1,217,90,38,18,25,46
2024-03-03 20:00:00,20,6,3,1,0,30.857149693583008,0,221,71,23,76,41,10
2024-03-03 21:00:00,21,6,3,1,0,35.0,1,153,82,29,19,3,20
2024-03-03 22:00:00,22,6,3,1,0,27.310697021109938,4,63,23,12,12,11,5
2024-03-03 23:00:00,23,6,3,1,0,30.226051179270243,0,70,27,20,15,5,3
2024-03-04 00:00:00,0,0,4,0,0,28.72738556111631,0,23,9,7,2,1,4
2024-03-04 01:00:00,1,0,4,0,0,25.348618016294225,0,16,3,2,0,9,2
2024-03-04 02:00:00,2,0,4,0,0,30.770108173992384,0,7,3,2,1,0,1
2024-03-04 03:00:00,3,0,4,0,0,30.722371764937353,2,13,2,1,0,10,0
2024-03-04 04:00:00,4,0,4,0,0,35.0,0,8,4,2,2,0,0
2024-03-04 05:00:00,5,0,4,0,0,33.11758142004053,0,21,4,13,2,2,0
2024-03-04 06:00:00,6,0,4,0,0,28.22064343751076,1,28,20,1,4,3,0
2024-03-04 07:00:00,7,0,4,0,0,35.0,0,51,13,10,16,7,5
2024-03-04 08:00:00,8,0,4,0,0,35.0,1,74,35,12,1,17,9
2024-03-04 09:00:00,9,0,4,0,0,33.240773593707665,0,86,16,18,15,37,0
2024-03-04 10:00:00,10,0,4,0,0,30.881137993355573,2,100,17,26,17,37,3
2024-03-04 11:00:00,11,0,4,0,0,28.74788277198694,2,135,77,6,30,19,3
2024-03-04 12:00:00,12,0,4,0,0,30.57468573537541,1,169,28,61,46,19,15
2024-03-04 13:00:00,13,0,4,0,0,35.0,3,127,10,33,27,9,48
2024-03-04 14:00:00,14,0,4,0,0,35.0,0,103,35,56,6,4,2
2024-03-04 15:00:00,15,0,4,0,0,35.0,0,90,41,2,26,7,14
2024-03-04 16:00:00,16,0,4,0,0,30.480035439231145,1,95,34,30,22,6,3
2024-03-04 17:00:00,17,0,4,0,0,28.650240343131482,1,88,30,29,13,15,1
2024-03-04 18:00:00,18,0,4,0,0,32.49372655259908,0,145,23,50,45,26,1
2024-03-04 19:00:00,19,0,4,0,0,26.82718639485326,0,236,134,23,27,48,4
2024-03-04 20:00:00,20,0,4,0,0,33.162901145940836,0,164,27,51,56,25,5
2024-03-04 21:00:00,21,0,4,0,0,31.810935951226863,0,132,44,26,7,31,24
2024-03-04 22:00:00,22,0,4,0,0,30.915427510586976,0,98,21,26,41,10,0
2024-03-04 23:00:00,23,0,4,0,0,27.58866416630085,1,48,18,10,3,3,14
2024-03-05 00:00:00,0,1,5,0,0,33.97224857448308,0,25,6,14,2,3,0
2024-03-05 01:00:00,1,1,5,0,0,30.89145468890429,0,14,4,2,5,2,1
2024-03-05 02:00:00,2,1,5,0,0,29.037345295096852,1,11,5,0,2,3,1
2024-03-05 03:00:00,3,1,5,0,0,23.987273016155356,1,8,5,0,1,0,2
2024-03-05 04:00:00,4,1,5,0,0,32.57789971603787,2,9,6,0,2,1,0
2024-03-05 05:00:00,5,1,5,0,0,35.0,1,23,11,2,5,4,1
2024-03-05 06:00:00,6,1,5,0,0,35.0,0,33,18,2,6,7,0
2024-03-05 07:00:00,7,1,5,0,0,31.454792798765315,2,46,7,20,13,3,3
2024-03-05 08:00:00,8,1,5,0,0,31.07347135498188,1,75,23,33,1,10,8
2024-03-05 09:00:00,9,1,5,0,0,34.33985617113742,0,81,24,4,48,2,3
2024-03-05 10:00:00,10,1,5,0,0,29.991198782908047,1,104,34,52,5,8,5
2024-03-05 11:00:00,11,1,5,0,0,33.94394430563057,2,133,34,51,26,18,4
2024-03-05 12:00:00,12,1,5,0,0,35.0,0,164,27,31,17,34,55
2024-03-05 13:00:00,13,1,5,0,0,35.0,0,161,55,53,11,11,31
2024-03-05 14:00:00,14,1,5,0,0,32.89105821345006,0,96,18,39,23,12,4
2024-03-05 15:00:00,15,1,5,0,0,32.63024063568927,0,99,51,13,5,13,17
2024-03-05 16:00:00,16,1,5,0,0,30.656427965280727,0,89,16,27,3,18,25
2024-03-05 17:00:00,17,1,5,0,0,30.8582171585521,1,75,18,12,17,22,6
2024-03-05 18:00:00,18,1,5,0,0,32.70726900374965,0,145,23,76,39,5,2
2024-03-05 19:00:00,19,1,5,0,0,34.53601097857739,2,183,102,29,23,27,2
2024-03-05 20:00:00,20,1,5,0,0,35.0,1,178,59,66,28,5,20
2024-03-05 21:00:00,21,1,5,0,0,31.11686479149988,1,130,59,34,11,6,20
2024-03-05 22:00:00,22,1,5,0,0,35.0,2,80,11,11,24,5,29
2024-03-05 23:00:00,23,1,5,0,0,32.802920801287556,0,55,8,29,12,6,0
2024-03-06 00:00:00,0,2,6,0,0,33.59615215479907,0,26,6,14,1,1,4
2024-03-06 01:00:00,1,2,6,0,0,31.461921921955526,1,9,3,3,3,0,0
2024-03-06 02:00:00,2,2,6,0,0,26.473476290575142,2,6,3,0,2,1,0
2024-03-06 03:00:00,3,2,6,0,0,35.0,1,8,1,2,3,1,1
2024-03-06 04:00:00,4,2,6,0,0,35.0,0,8,2,2,1,2,1
2024-03-06 05:00:00,5,2,6,0,0,33.026125660427574,2,14,8,5,1,0,0
2024-03-06 06:00:00,6,2,6,0,0,34.111037393558284,0,42,17,15,5,2,3
2024-03-06 07:00:00,7,2,6,0,0,35.0,2,46,26,8,6,4,2
2024-03-06 08:00:00,8,2,6,0,0,29.300302892332038,3,59,15,23,10,10,1
2024-03-06 09:00:00,9,2,6,0,0,32.43869481145971,0,85,45,12,4,19,5
2024-03-06 10:00:00,10,2,6,0,0,35.0,1,115,20,37,15,9,34
2024-03-06 11:00:00,11,2,6,0,0,30.336744439257686,0,196,47,88,54,7,0
2024-03-06 12:00:00,12,2,6,0,0,35.0,0,167,32,54,36,34,11
2024-03-06 13:00:00,13,2,6,0,0,30.100855329981023,1,139,36,55,26,11,11
2024-03-06 14:00:00,14,2,6,0,0,35.0,1,110,39,42,16,13,0
2024-03-06 15:00:00,15,2,6,0,0,34.13187087822041,2,73,24,11,22,14,2
2024-03-06 16:00:00,16,2,6,0,0,29.426443097951342,1,94,11,21,21,25,16
2024-03-06 17:00:00,17,2,6,0,0,35.0,0,87,35,21,5,16,10
2024-03-06 18:00:00,18,2,6,0,0,32.132029534577875,2,125,35,23,54,5,8
2024-03-06 19:00:00,19,2,6,0,0,31.93596458144083,3,149,24,29,54,21,21
2024-03-06 20:00:00,20,2,6,0,0,34.99863379955191,0,180,16,52,68,28,16
2024-03-06 21:00:00,21,2,6,0,0,35.0,3,82,10,37,19,1,15
2024-03-06 22:00:00,22,2,6,0,0,31.40772029905797,0,99,8,45,22,21,3
2024-03-06 23:00:00,23,2,6,0,0,34.66827610160591,2,47,11,14,0,1,21
2024-03-07 00:00:00,0,3,7,0,0,35.0,0,22,2,9,8,3,0
2024-03-07 01:00:00,1,3,7,0,0,35.0,0,13,5,1,5,2,0
2024-03-07 02:00:00,2,3,7,0,0,35.0,0,10,1,6,2,1,0
2024-03-07 03:00:00,3,3,7,0,0,33.487113831431955,1,8,0,0,4,0,4
2024-03-07 04:00:00,4,3,7,0,0,32.12984629743703,0,8,1,0,5,0,2
2024-03-07 05:00:00,5,3,7,0,0,34.894736181225355,0,15,4,4,4,3,0
2024-03-07 06:00:00,6,3,7,0,0,31.442841226933854,1,36,11,7,11,5,2
2024-03-07 07:00:00,7,3,7,0,0,25.917424953297253,2,46,20,15,3,7,1
2024-03-07 08:00:00,8,3,7,0,0,35.0,0,69,8,46,6,7,2
2024-03-07 09:00:00,9,3,7,0,0,35.0,0,87,17,34,19,2,15
2024-03-07 10:00:00,10,3,7,0,0,27.654903341226834,0,114,35,12,12,39,16
2024-03-07 11:00:00,11,3,7,0,0,31.733767957069517,0,157,70,22,30,19,16
2024-03-07 12:00:00,12,3,7,0,0,35.0,2,154,135,2,5,10,2
2024-03-07 13:00:00,13,3,7,0,0,35.0,2,148,35,36,45,27,5
2024-03-07 14:00:00,14,3,7,0,0,34.87865295750286,1,109,8,27,24,42,8
2024-03-07 15:00:00,15,3,7,0,0,32.64854025195214,0,88,3,11,16,34,24
2024-03-07 16:00:00,16,3,7,0,0,34.29938820680756,1,74,50,15,2,7,0
2024-03-07 17:00:00,17,3,7,0,0,35.0,1,76,33,1,7,19,16
2024-03-07 18:00:00,18,3,7,0,0,32.93899086857777,2,109,31,40,7,29,2
2024-03-07 19:00:00,19,3,7,0,0,32.492582613668404,1,193,19,31,22,74,47
2024-03-07 20:00:00,20,3,7,0,0,33.45445012086961,1,162,57,8,8,15,74
2024-03-07 21:00:00,21,3,7,0,0,32.05446278896196,1,120,32,19,24,34,11
2024-03-07 22:00:00,22,3,7,0,0,35.0,0,98,38,18,22,13,7
2024-03-07 23:00:00,23,3,7,0,0,35.0,3,42,16,12,9,2,3
2024-03-08 00:00:00,0,4,8,0,0,35.0,1,31,9,3,7,7,5
2024-03-08 01:00:00,1,4,8,0,0,34.196901477292926,1,13,1,0,6,0,6
2024-03-08 02:00:00,2,4,8,0,0,34.08651317417082,0,8,3,2,0,1,2
2024-03-08 03:00:00,3,4,8,0,0,30.279600911241314,1,4,0,0,4,0,0
2024-03-08 04:00:00,4,4,8,0,0,35.0,1,7,3,3,0,1,0
2024-03-08 05:00:00,5,4,8,0,0,34.747836393180265,0,18,10,2,1,1,4
2024-03-08 06:00:00,6,4,8,0,0,34.444855606773864,0,31,6,15,8,2,0
2024-03-08 07:00:00,7,4,8,0,0,35.0,1,44,19,6,5,3,11
2024-03-08 08:00:00,8,4,8,0,0,35.0,1,83,11,13,30,26,3
2024-03-08 09:00:00,9,4,8,0,0,32.74120009947002,1,101,28,36,9,6,22
2024-03-08 10:00:00,10,4,8,0,0,33.719404162947285,0,114,13,31,7,48,15
2024-03-08 11:00:00,11,4,8,0,0,35.0,1,164,56,29,30,8,41
2024-03-08 12:00:00,12,4,8,0,0,35.0,0,166,45,51,34,36,0
2024-03-08 13:00:00,13,4,8,0,0,30.684785295689615,0,182,70,7,37,25,43
2024-03-08 14:00:00,14,4,8,0,0,35.0,0,105,20,4,18,46,17
2024-03-08 15:00:00,15,4,8,0,0,32.99214099313859,0,88,25,17,31,12,3
2024-03-08 16:00:00,16,4,8,0,0,35.0,0,82,18,23,33,1,7
2024-03-08 17:00:00,17,4,8,0,0,35.0,0,75,31,16,7,20,1
2024-03-08 18:00:00,18,4,8,0,0,33.64432966056949,0,137,53,29,13,34,8
2024-03-08 19:00:00,19,4,8,0,0,35.0,0,187,33,26,80,37,11
2024-03-08 20:00:00,20,4,8,0,0,35.0,1,171,17,45,47,40,22
2024-03-08 21:00:00,21,4,8,0,0,35.0,0,156,48,17,38,36,17
2024-03-08 22:00:00,22,4,8,0,0,35.0,0,88,21,15,28,18,6
2024-03-08 23:00:00,23,4,8,0,0,32.41489201869917,2,53,12,5,17,10,9
2024-03-09 00:00:00,0,5,9,1,0,33.01456945673035,0,25,7,11,4,3,0
2024-03-09 01:00:00,1,5,9,1,0,35.0,1,21,9,5,3,1,3
2024-03-09 02:00:00,2,5,9,1,0,33.9211355200936,0,13,5,1,1,6,0
2024-03-09 03:00:00,3,5,9,1,0,33.70350322401211,0,8,4,1,0,3,0
2024-03-09 04:00:00,4,5,9,1,0,32.037312949367646,1,18,4,6,7,0,1
2024-03-09 05:00:00,5,5,9,1,0,35.0,1,22,7,3,9,2,1
2024-03-09 06:00:00,6,5,9,1,0,35.0,2,34,10,1,16,7,0
2024-03-09 07:00:00,7,5,9,1,0,31.6602572726095,1,67,11,23,15,11,7
2024-03-09 08:00:00,8,5,9,1,0,34.92073590014036,3,65,7,2,44,0,12
2024-03-09 09:00:00,9,5,9,1,0,35.0,0,108,32,15,31,14,16
2024-03-09 10:00:00,10,5,9,1,0,34.5773476607395,0,129,35,53,22,12,7
2024-03-09 11:00:00,11,5,9,1,0,35.0,0,206,45,45,33,12,71
2024-03-09 12:00:00,12,5,9,1,0,31.594295422897417,0,220,72,83,20,25,20
2024-03-09 13:00:00,13,5,9,1,0,35.0,1,166,13,56,45,3,49
2024-03-09 14:00:00,14,5,9,1,0,34.182267852838706,1,140,23,33,57,15,12
2024-03-09 15:00:00,15,5,9,1,0,35.0,0,115,23,50,3,10,29
2024-03-09 16:00:00,16,5,9,1,0,35.0,2,77,16,9,24,20,8
2024-03-09 17:00:00,17,5,9,1,0,35.0,2,78,27,16,30,3,2
2024-03-09 18:00:00,18,5,9,1,0,35.0,0,177,57,58,35,9,18
2024-03-09 19:00:00,19,5,9,1,0,35.0,0,242,61,68,45,56,12
2024-03-09 20:00:00,20,5,9,1,0,35.0,0,185,72,34,2,43,34
2024-03-09 21:00:00,21,5,9,1,0,33.52869847024987,0,181,38,70,27,33,13
2024-03-09 22:00:00,22,5,9,1,0,35.0,0,90,42,33,8,4,3
2024-03-09 23:00:00,23,5,9,1,0,33.65096527706518,1,58,29,9,2,5,13
2024-03-10 00:00:00,0,6,10,1,0,35.0,0,39,12,15,7,0,5
2024-03-10 01:00:00,1,6,10,1,0,35.0,0,30,9,2,18,0,1
2024-03-10 02:00:00,2,6,10,1,0,31.435558060154246,3,3,1,0,2,0,0
2024-03-10 03:00:00,3,6,10,1,0,35.0,1,15,7,0,2,3,3
2024-03-10 04:00:00,4,6,10,1,0,35.0,2,6,1,2,2,0,1
2024-03-10 05:00:00,5,6,10,1,0,34.012516311510744,0,20,7,2,5,6,0
2024-03-10 06:00:00,6,6,10,1,0,27.970239567946237,0,48,8,29,2,6,3
2024-03-10 07:00:00,7,6,10,1,0,32.48070971853695,1,65,7,6,40,12,0
2024-03-10 08:00:00,8,6,10,1,0,35.0,0,104,37,46,13,6,2
2024-03-10 09:00:00,9,6,10,1,0,34.17019113821622,0,114,40,54,4,8,8
2024-03-10 10:00:00,10,6,10,1,0,31.207141837639675,1,139,59,23,12,31,14
2024-03-10 11:00:00,11,6,10,1,0,32.65627598016659,1,181,48,65,28,35,5
2024-03-10 12:00:00,12,6,10,1,0,35.0,0,191,13,58,42,22,56
2024-03-10 13:00:00,13,6,10,1,0,35.0,0,204,96,73,12,7,16
2024-03-10 14:00:00,14,6,10,1,0,33.34628157285742,0,114,43,18,3,44,6
2024-03-10 15:00:00,15,6,10,1,0,32.92537960805454,0,116,40,36,19,18,3
2024-03-10 16:00:00,16,6,10,1,0,32.81266601586021,0,74,7,24,31,7,5
2024-03-10 17:00:00,17,6,10,1,0,31.18211306252475,0,109,10,24,12,54,9
2024-03-10 18:00:00,18,6,10,1,0,35.0,0,164,44,44,8,20,48
2024-03-10 19:00:00,19,6,10,1,0,32.90314692414819,3,166,39,68,30,12,17
2024-03-10 20:00:00,20,6,10,1,0,35.0,1,228,90,65,45,7,21
2024-03-10 21:00:00,21,6,10,1,0,35.0,1,158,50,82,3,11,12
2024-03-10 22:00:00,22,6,10,1,0,35.0,0,129,29,38,10,13,39
2024-03-10 23:00:00,23,6,10,1,0,32.40869602124486,0,59,3,15,22,11,8
2024-03-11 00:00:00,0,0,11,0,0,34.87144430885421,0,26,18,1,3,2,2
2024-03-11 01:00:00,1,0,11,0,0,33.54370478524252,0,24,9,10,1,4,0
2024-03-11 02:00:00,2,0,11,0,0,30.86056742483074,0,10,3,4,3,0,0
2024-03-11 03:00:00,3,0,11,0,0,34.49947948870573,1,8,1,3,2,1,1
2024-03-11 04:00:00,4,0,11,0,0,29.943361588084862,1,10,0,5,3,2,0
2024-03-11 05:00:00,5,0,11,0,0,35.0,1,12,3,0,6,1,2
2024-03-11 06:00:00,6,0,11,0,0,31.99285378755906,0,42,10,17,4,8,3
2024-03-11 07:00:00,7,0,11,0,0,33.94233718829021,2,50,4,4,34,3,5
2024-03-11 08:00:00,8,0,11,0,0,34.14023934018884,0,75,14,22,13,10,16
2024-03-11 09:00:00,9,0,11,0,0,32.46454696510794,0,92,13,20,37,13,9
2024-03-11 10:00:00,10,0,11,0,0,34.95160184731575,0,108,44,13,32,5,14
2024-03-11 11:00:00,11,0,11,0,0,31.71644421369562,1,168,48,36,40,41,3
2024-03-11 12:00:00,12,0,11,0,0,35.0,4,97,26,12,23,34,2
2024-03-11 13:00:00,13,0,11,0,0,29.000629565431932,0,205,48,96,19,41,1
2024-03-11 14:00:00,14,0,11,0,0,33.36549383911216,2,92,19,18,5,31,19
2024-03-11 15:00:00,15,0,11,0,0,35.0,2,76,20,13,28,13,2
2024-03-11 16:00:00,16,0,11,0,0,29.879113562250502,0,106,11,54,14,16,11
2024-03-11 17:00:00,17,0,11,0,0,30.792846656949585,0,90,52,10,12,14,2
2024-03-11 18:00:00,18,0,11,0,0,34.313183163546455,0,129,34,48,16,28,3
2024-03-11 19:00:00,19,0,11,0,0,33.254991179696,3,157,96,40,9,5,7
2024-03-11 20:00:00,20,0,11,0,0,33.712334729010465,0,175,40,68,15,48,4
2024-03-11 21:00:00,21,0,11,0,0,34.0716210464433,1,128,54,12,6,22,34
2024-03-11 22:00:00,22,0,11,0,0,34.45126020791303,0,90,8,19,19,43,1
2024-03-11 23:00:00,23,0,11,0,0,35.0,1,42,17,1,15,9,0
2024-03-12 00:00:00,0,1,12,0,0,33.66090422555948,0,26,3,8,5,2,8
2024-03-12 01:00:00,1,1,12,0,0,31.64900040424561,1,16,5,3,7,0,1
2024-03-12 02:00:00,2,1,12,0,0,34.331258119799905,2,9,0,6,2,0,1
2024-03-12 03:00:00,3,1,12,0,0,35.0,2,4,2,2,0,0,0
2024-03-12 04:00:00,4,1,12,0,0,31.795496764238784,2,4,1,0,3,0,0
2024-03-12 05:00:00,5,1,12,0,0,29.208916577529898,0,26,10,6,6,2,2
2024-03-12 06:00:00,6,1,12,0,0,35.0,1,38,22,12,1,0,3
2024-03-12 07:00:00,7,1,12,0,0,31.64794915113773,0,68,26,29,4,6,3
2024-03-12 08:00:00,8,1,12,0,0,25.428575066547868,0,84,33,31,14,5,1
2024-03-12 09:00:00,9,1,12,0,0,34.4258107883888,1,90,25,29,29,7,0
2024-03-12 10:00:00,10,1,12,0,0,30.213999042763234,0,129,38,14,60,15,2
2024-03-12 11:00:00,11,1,12,0,0,31.484302229244125,1,162,24,105,20,13,0
2024-03-12 12:00:00,12,1,12,0,0,32.68724705529562,4,109,43,5,31,24,6
2024-03-12 13:00:00,13,1,12,0,0,32.197699521494584,0,156,50,38,28,24,16
2024-03-12 14:00:00,14,1,12,0,0,33.68894574132219,1,112,51,30,21,7,3
2024-03-12 15:00:00,15,1,12,0,0,30.188021371592303,0,87,21,7,50,9,0
2024-03-12 16:00:00,16,1,12,0,0,32.96719349139365,0,92,45,15,14,12,6
2024-03-12 17:00:00,17,1,12,0,0,30.58214217002589,0,109,10,11,49,13,26
2024-03-12 18:00:00,18,1,12,0,0,33.50963535316089,2,117,60,22,18,3,14
2024-03-12 19:00:00,19,1,12,0,0,33.07124881841537,2,170,38,48,31,11,42
2024-03-12 20:00:00,20,1,12,0,0,28.3502986471228,2,165,50,42,20,45,8
2024-03-12 21:00:00,21,1,12,0,0,34.34556063861231,4,62,10,27,6,5,14
2024-03-12 22:00:00,22,1,12,0,0,29.41025989617835,0,98,46,23,12,12,5
2024-03-12 23:00:00,23,1,12,0,0,33.372401262356846,0,46,12,4,22,3,5
2024-03-13 00:00:00,0,2,13,0,0,31.979714463128754,1,29,9,8,9,1,2
2024-03-13 01:00:00,1,2,13,0,0,35.0,0,18,1,5,1,9,2
2024-03-13 02:00:00,2,2,13,0,0,30.065366416394905,0,11,4,2,5,0,0
2024-03-13 03:00:00,3,2,13,0,0,29.616111980893738,0,9,5,0,1,3,0
2024-03-13 04:00:00,4,2,13,0,0,30.533670217044264,1,13,4,3,3,3,0
2024-03-13 05:00:00,5,2,13,0,0,29.60983050461777,1,15,5,1,4,2,3
2024-03-13 06:00:00,6,2,13,0,0,32.84621605597643,0,33,10,2,9,11,1
2024-03-13 07:00:00,7,2,13,0,0,25.524064258158468,0,54,8,27,15,1,3
2024-03-13 08:00:00,8,2,13,0,0,27.138145384892997,1,80,42,24,4,5,5
2024-03-13 09:00:00,9,2,13,0,0,27.02157688242191,1,78,18,4,26,11,19
2024-03-13 10:00:00,10,2,13,0,0,33.001303525021264,0,95,25,46,12,9,3
2024-03-13 11:00:00,11,2,13,0,0,35.0,1,134,49,37,40,0,8
2024-03-13 12:00:00,12,2,13,0,0,29.686652344387586,0,211,61,65,33,23,29
2024-03-13 13:00:00,13,2,13,0,0,29.41777043146463,0,148,84,12,17,16,19
2024-03-13 14:00:00,14,2,13,0,0,30.058252691802924,1,108,35,30,27,6,10
2024-03-13 15:00:00,15,2,13,0,0,33.257222510420654,1,90,30,4,33,22,1
2024-03-13 16:00:00,16,2,13,0,0,26.912656225287204,0,92,64,10,14,0,4
2024-03-13 17:00:00,17,2,13,0,0,30.3325930805547,1,65,23,20,1,5,16
2024-03-13 18:00:00,18,2,13,0,0,32.46549788674275,1,116,55,2,39,20,0
2024-03-13 19:00:00,19,2,13,0,0,30.96526064091764,1,199,68,64,31,29,7
2024-03-13 20:00:00,20,2,13,0,0,29.95245631768701,1,204,41,59,87,8,9
2024-03-13 21:00:00,21,2,13,0,0,32.30824924578437,1,136,17,69,21,3,26
2024-03-13 22:00:00,22,2,13,0,0,21.116485738409303,0,105,39,24,7,12,23
2024-03-13 23:00:00,23,2,13,0,0,31.18055838515512,0,66,23,8,14,16,5
2024-03-14 00:00:00,0,3,14,0,0,27.105139381375725,0,37,18,0,3,9,7
2024-03-14 01:00:00,1,3,14,0,0,23.495591998683107,0,17,6,2,4,2,3
2024-03-14 02:00:00,2,3,14,0,0,30.440919083467683,1,11,7,0,0,4,0
2024-03-14 03:00:00,3,3,14,0,0,32.94780995913978,1,8,4,2,1,0,1
2024-03-14 04:00:00,4,3,14,0,0,28.33372039027606,0,13,5,5,1,0,2
2024-03-14 05:00:00,5,3,14,0,0,31.52363590885179,0,13,1,5,2,4,1
2024-03-14 06:00:00,6,3,14,0,0,33.420514269418945,0,33,21,1,2,4,5
2024-03-14 07:00:00,7,3,14,0,0,32.44681717334683,0,66,20,16,10,18,2
2024-03-14 08:00:00,8,3,14,0,0,33.34009502137087,1,85,57,17,2,6,3
2024-03-14 09:00:00,9,3,14,0,0,30.564451065553392,0,102,27,39,7,17,12
2024-03-14 10:00:00,10,3,14,0,0,28.481982461276342,1,101,35,29,10,7,20
2024-03-14 11:00:00,11,3,14,0,0,23.367149128359415,2,137,56,26,7,35,13
2024-03-14 12:00:00,12,3,14,0,0,27.351982479359634,0,188,122,13,36,16,1
2024-03-14 13:00:00,13,3,14,0,0,25.47731820909415,0,167,33,28,91,11,4
2024-03-14 14:00:00,14,3,14,0,0,34.436545199720825,0,97,36,13,11,25,12
2024-03-14 15:00:00,15,3,14,0,0,27.312496009742222,1,88,32,6,22,9,19
2024-03-14 16:00:00,16,3,14,0,0,28.12598797852344,1,85,17,48,7,2,11
2024-03-14 17:00:00,17,3,14,0,0,29.326839888903987,0,104,33,13,45,6,7
2024-03-14 18:00:00,18,3,14,0,0,27.718997790142573,1,132,29,62,23,13,5
2024-03-14 19:00:00,19,3,14,0,0,32.58895316183666,2,152,48,36,65,1,2
2024-03-14 20:00:00,20,3,14,0,0,25.551270870793335,0,188,76,37,39,22,14
2024-03-14 21:00:00,21,3,14,0,0,27.918276004270783,0,147,26,36,70,10,5
2024-03-14 22:00:00,22,3,14,0,0,25.022098786344493,2,93,13,51,10,6,13
2024-03-14 23:00:00,23,3,14,0,0,23.20432860571892,1,50,14,5,14,6,11
2024-03-15 00:00:00,0,4,15,0,1,25.243809635461737,2,30,10,0,14,1,5
2024-03-15 01:00:00,1,4,15,0,1,26.88256895302676,1,24,13,8,0,2,1
2024-03-15 02:00:00,2,4,15,0,1,25.620183280213677,2,12,3,0,4,3,2
2024-03-15 03:00:00,3,4,15,0,1,24.745092315299903,0,11,5,3,1,0,2
2024-03-15 04:00:00,4,4,15,0,1,22.517529385653823,1,9,6,1,2,0,0
2024-03-15 05:00:00,5,4,15,0,1,26.4011593407207,2,17,3,2,3,0,9
2024-03-15 06:00:00,6,4,15,0,1,22.050183528309297,1,44,14,10,10,5,5
2024-03-15 07:00:00,7,4,15,0,1,28.758262002364933,0,100,39,24,25,5,7
2024-03-15 08:00:00,8,4,15,0,1,26.639050268404173,0,95,11,19,22,31,12
2024-03-15 09:00:00,9,4,15,0,1,21.93260742380572,0,123,80,11,21,10,1
2024-03-15 10:00:00,10,4,15,0,1,25.291066202901906,0,156,50,66,27,12,1
2024-03-15 11:00:00,11,4,15,0,1,23.875562920907324,0,206,83,31,26,13,53
2024-03-15 12:00:00,12,4,15,0,1,27.00280816393409,1,250,39,25,109,77,0
2024-03-15 13:00:00,13,4,15,0,1,29.97980886327167,1,241,109,45,68,3,16
2024-03-15 14:00:00,14,4,15,0,1,20.246040018539354,0,118,27,41,21,2,27
2024-03-15 15:00:00,15,4,15,0,1,26.129669194720712,1,119,22,36,18,20,23
2024-03-15 16:00:00,16,4,15,0,1,25.21716635074133,0,115,44,28,20,19,4
2024-03-15 17:00:00,17,4,15,0,1,27.624505624699967,0,124,79,16,17,2,10
2024-03-15 18:00:00,18,4,15,0,1,26.162949447142516,0,170,51,28,45,18,28
2024-03-15 19:00:00,19,4,15,0,1,23.180285878436898,1,266,31,6,88,86,55
2024-03-15 20:00:00,20,4,15,0,1,24.391833160025158,0,276,131,26,47,65,7
2024-03-15 21:00:00,21,4,15,0,1,22.873691912668274,0,188,83,27,43,29,6
2024-03-15 22:00:00,22,4,15,0,1,28.402545480168623,0,121,41,42,10,26,2
2024-03-15 23:00:00,23,4,15,0,1,25.151200300999584,2,75,16,31,9,4,15
2024-03-16 00:00:00,0,5,16,1,0,30.70357205725903,0,25,5,7,4,3,6
2024-03-16 01:00:00,1,5,16,1,0,24.730752203572393,1,15,9,0,0,4,2
2024-03-16 02:00:00,2,5,16,1,0,22.700255634895793,1,7,3,0,2,2,0
2024-03-16 03:00:00,3,5,16,1,0,20.197087339082792,1,13,5,1,7,0,0
2024-03-16 04:00:00,4,5,16,1,0,19.241586004207146,2,12,6,4,1,0,1
2024-03-16 05:00:00,5,5,16,1,0,19.811398297330186,0,30,10,6,4,1,9
2024-03-16 06:00:00,6,5,16,1,0,25.278020390605015,0,64,23,12,5,4,20
2024-03-16 07:00:00,7,5,16,1,0,25.915689674341223,2,66,18,9,17,8,14
2024-03-16 08:00:00,8,5,16,1,0,19.55886315646236,0,90,43,8,21,6,12
2024-03-16 09:00:00,9,5,16,1,0,26.9005239849499,1,118,59,13,25,15,6
2024-03-16 10:00:00,10,5,16,1,0,22.679259417473126,1,135,65,34,15,20,1
2024-03-16 11:00:00,11,5,16,1,0,24.48192151075442,1,239,105,69,25,31,9
2024-03-16 12:00:00,12,5,16,1,0,28.791377252089738,2,183,58,10,88,21,6
2024-03-16 13:00:00,13,5,16,1,0,26.558485809917553,4,104,54,24,14,11,1
2024-03-16 14:00:00,14,5,16,1,0,22.975714622231038,1,134,40,15,34,35,10
2024-03-16 15:00:00,15,5,16,1,0,21.02116140155362,0,122,35,25,35,27,0
2024-03-16 16:00:00,16,5,16,1,0,17.152822786411452,2,70,8,15,7,26,14
2024-03-16 17:00:00,17,5,16,1,0,21.364445930976643,0,104,71,16,9,5,3
2024-03-16 18:00:00,18,5,16,1,0,22.802264633114603,0,166,45,54,12,35,20
2024-03-16 19:00:00,19,5,16,1,0,20.387985359939677,2,208,70,73,47,9,9
2024-03-16 20:00:00,20,5,16,1,0,22.869747322053794,0,215,86,20,45,61,3
2024-03-16 21:00:00,21,5,16,1,0,23.408200393954843,0,161,7,31,42,41,40
2024-03-16 22:00:00,22,5,16,1,0,22.417342100810316,0,134,31,55,26,17,5
2024-03-16 23:00:00,23,5,16,1,0,21.056312913357655,2,58,8,9,24,10,7
2024-03-17 00:00:00,0,6,17,1,0,23.4268471077226,1,34,10,4,4,7,9
2024-03-17 01:00:00,1,6,17,1,0,24.1614258093272,1,24,6,7,4,6,1
2024-03-17 02:00:00,2,6,17,1,0,19.479292224232815,0,11,3,3,4,1,0
2024-03-17 03:00:00,3,6,17,1,0,26.898343500679765,1,14,5,6,0,0,3
2024-03-17 04:00:00,4,6,17,1,0,22.285016647150535,1,6,6,0,0,0,0
2024-03-17 05:00:00,5,6,17,1,0,22.55274882829013,0,28,7,9,10,2,0
2024-03-17 06:00:00,6,6,17,1,0,24.536452818744472,0,50,7,4,15,15,9
2024-03-17 07:00:00,7,6,17,1,0,23.02726463300793,0,67,38,12,16,1,0
2024-03-17 08:00:00,8,6,17,1,0,25.103036343569762,3,67,24,33,5,1,4
2024-03-17 09:00:00,9,6,17,1,0,23.021219048566252,1,101,11,24,16,27,23
2024-03-17 10:00:00,10,6,17,1,0,20.23897082885133,2,128,45,37,36,7,3
2024-03-17 11:00:00,11,6,17,1,0,23.077452580575574,0,225,38,58,89,38,2
2024-03-17 12:00:00,12,6,17,1,0,18.478651434288565,1,202,133,39,1,23,6
2024-03-17 13:00:00,13,6,17,1,0,22.15263255327866,1,220,27,14,103,46,30
2024-03-17 14:00:00,14,6,17,1,0,21.64462848349505,1,148,53,48,18,8,21
2024-03-17 15:00:00,15,6,17,1,0,21.03758083584466,3,85,17,27,6,33,2
2024-03-17 16:00:00,16,6,17,1,0,21.19418603242653,0,104,26,47,11,13,7
2024-03-17 17:00:00,17,6,17,1,0,15.852379050912406,0,109,44,40,5,14,6
2024-03-17 18:00:00,18,6,17,1,0,19.7701457813241,1,148,21,91,13,20,3
2024-03-17 19:00:00,19,6,17,1,0,21.61352243618038,1,224,34,33,100,17,40
2024-03-17 20:00:00,20,6,17,1,0,21.733503241833077,1,210,65,82,17,36,10
2024-03-17 21:00:00,21,6,17,1,0,18.090140253571214,0,172,27,60,52,33,0
2024-03-17 22:00:00,22,6,17,1,0,24.88981223770137,1,124,53,41,4,14,12
2024-03-17 23:00:00,23,6,17,1,0,18.41398476610403,0,60,19,28,11,1,1
2024-03-18 00:00:00,0,0,18,0,0,23.841005170822193,0,40,8,13,9,10,0
2024-03-18 01:00:00,1,0,18,0,0,22.134650659052667,1,21,9,4,5,2,1
2024-03-18 02:00:00,2,0,18,0,0,18.83513545306159,1,10,7,1,0,2,0
2024-03-18 03:00:00,3,0,18,0,0,26.02082170974557,0,10,6,1,0,3,0
2024-03-18 04:00:00,4,0,18,0,0,17.03537803683979,0,18,12,1,3,0,2
2024-03-18 05:00:00,5,0,18,0,0,23.295484389731907,0,20,10,2,5,3,0
2024-03-18 06:00:00,6,0,18,0,0,23.46184195673348,0,50,9,11,18,10,2
2024-03-18 07:00:00,7,0,18,0,0,18.370653240419728,1,50,13,19,3,5,10
2024-03-18 08:00:00,8,0,18,0,0,24.482680272334072,2,64,14,19,23,2,6
2024-03-18 09:00:00,9,0,18,0,0,19.47827285360707,0,95,40,13,13,20,9
2024-03-18 10:00:00,10,0,18,0,0,21.017984685376206,1,122,44,17,19,40,2
2024-03-18 11:00:00,11,0,18,0,0,20.856729915278983,2,131,19,15,18,35,44
2024-03-18 12:00:00,12,0,18,0,0,19.597073775588367,2,158,52,26,75,2,3
2024-03-18 13:00:00,13,0,18,0,0,22.357041189872305,0,145,24,24,8,85,4
2024-03-18 14:00:00,14,0,18,0,0,22.230085412556086,3,78,38,12,12,5,11
2024-03-18 15:00:00,15,0,18,0,0,15.0,0,95,11,30,33,14,7
2024-03-18 16:00:00,16,0,18,0,0,23.613828086302405,0,81,29,21,8,18,5
2024-03-18 17:00:00,17,0,18,0,0,15.0,0,101,44,24,23,4,6
2024-03-18 18:00:00,18,0,18,0,0,22.65124826287471,0,170,62,34,24,24,26
2024-03-18 19:00:00,19,0,18,0,0,22.860745557362165,0,207,79,33,70,17,8
2024-03-18 20:00:00,20,0,18,0,0,16.135171674646955,0,165,80,36,9,30,10
2024-03-18 21:00:00,21,0,18,0,0,18.103494766887927,0,126,47,34,6,21,18
2024-03-18 22:00:00,22,0,18,0,0,15.947121631031727,2,80,41,19,8,5,7
2024-03-18 23:00:00,23,0,18,0,0,18.548207352024413,2,29,11,1,4,3,10
2024-03-19 00:00:00,0,1,19,0,0,18.19804462451805,0,25,5,10,4,0,6
2024-03-19 01:00:00,1,1,19,0,0,21.3907537292946,2,15,2,2,5,5,1
2024-03-19 02:00:00,2,1,19,0,0,22.912776006838357,2,9,3,0,3,1,2
2024-03-19 03:00:00,3,1,19,0,0,23.099437142282667,1,12,4,2,1,3,2
2024-03-19 04:00:00,4,1,19,0,0,17.15688116700853,0,9,1,4,1,3,0
2024-03-19 05:00:00,5,1,19,0,0,18.147188012390234,1,11,3,1,0,7,0
2024-03-19 06:00:00,6,1,19,0,0,15.0,2,35,13,7,4,3,8
2024-03-19 07:00:00,7,1,19,0,0,16.221607597733815,1,63,15,8,18,14,8
2024-03-19 08:00:00,8,1,19,0,0,21.46667880242699,0,72,36,13,17,4,2
2024-03-19 09:00:00,9,1,19,0,0,23.35226798734286,1,92,8,29,22,12,21
2024-03-19 10:00:00,10,1,19,0,0,15.0,1,105,64,17,13,3,8
2024-03-19 11:00:00,11,1,19,0,0,16.59640674038395,1,166,53,46,42,14,11
2024-03-19 12:00:00,12,1,19,0,0,18.229476665534634,0,166,95,19,37,13,2
2024-03-19 13:00:00,13,1,19,0,0,19.084581400302234,0,148,33,3,51,58,3
2024-03-19 14:00:00,14,1,19,0,0,15.751205839610085,2,104,38,10,48,2,6
2024-03-19 15:00:00,15,1,19,0,0,19.388637376454753,2,97,26,23,42,4,2
2024-03-19 16:00:00,16,1,19,0,0,16.631898254197296,0,86,8,16,35,5,22
2024-03-19 17:00:00,17,1,19,0,0,17.94755054436666,3,60,25,23,1,4,7
2024-03-19 18:00:00,18,1,19,0,0,19.567784932145646,0,126,69,29,3,12,13
2024-03-19 19:00:00,19,1,19,0,0,17.886762317891012,1,193,89,77,12,13,2
2024-03-19 20:00:00,20,1,19,0,0,16.49744432503379,1,175,13,61,7,88,6
2024-03-19 21:00:00,21,1,19,0,0,17.417426878099654,2,128,28,31,19,24,26
2024-03-19 22:00:00,22,1,19,0,0,17.421374106192303,2,86,17,43,9,16,1
2024-03-19 23:00:00,23,1,19,0,0,16.51719354225238,0,53,17,17,8,7,4
2024-03-20 00:00:00,0,2,20,0,0,16.792163557224747,2,29,12,4,5,2,6
2024-03-20 01:00:00,1,2,20,0,0,22.306384303624142,0,20,8,7,0,0,5
2024-03-20 02:00:00,2,2,20,0,0,19.135662541596,1,7,3,3,0,1,0
2024-03-20 03:00:00,3,2,20,0,0,16.509499389912207,1,12,4,3,1,3,1
2024-03-20 04:00:00,4,2,20,0,0,19.430418782342436,1,12,1,4,0,0,7
2024-03-20 05:00:00,5,2,20,0,0,16.282295696854774,0,14,2,1,8,0,3
2024-03-20 06:00:00,6,2,20,0,0,20.74791429819021,2,32,3,5,20,1,3
2024-03-20 07:00:00,7,2,20,0,0,18.28284500807015,0,62,17,16,15,9,5
2024-03-20 08:00:00,8,2,20,0,0,16.797986031920097,0,75,29,13,1,30,2
2024-03-20 09:00:00,9,2,20,0,0,18.409617374518476,1,88,43,11,27,1,6
2024-03-20 10:00:00,10,2,20,0,0,15.0,0,99,25,9,28,27,10
2024-03-20 11:00:00,11,2,20,0,0,15.0,2,155,27,32,43,40,13
2024-03-20 12:00:00,12,2,20,0,0,15.0,0,206,30,134,11,26,5
2024-03-20 13:00:00,13,2,20,0,0,17.287674100727934,0,181,96,38,17,4,26
2024-03-20 14:00:00,14,2,20,0,0,22.006024555565357,2,95,13,69,11,2,0
2024-03-20 15:00:00,15,2,20,0,0,23.452638552357733,1,92,13,20,15,21,23
2024-03-20 16:00:00,16,2,20,0,0,18.62377757877186,0,83,18,37,8,8,12
2024-03-20 17:00:00,17,2,20,0,0,18.163675204161688,1,88,20,37,11,17,3
2024-03-20 18:00:00,18,2,20,0,0,15.0,1,144,77,33,12,15,7
2024-03-20 19:00:00,19,2,20,0,0,15.0,1,192,60,40,45,22,25
2024-03-20 20:00:00,20,2,20,0,0,15.0,0,188,54,16,61,51,6
2024-03-20 21:00:00,21,2,20,0,0,15.0,2,132,22,12,74,5,19
2024-03-20 22:00:00,22,2,20,0,0,15.923895537224514,2,69,11,32,20,6,0
2024-03-20 23:00:00,23,2,20,0,0,15.0,1,61,8,25,14,5,9
2024-03-21 00:00:00,0,3,21,0,0,15.0,0,22,11,0,10,0,1
2024-03-21 01:00:00,1,3,21,0,0,18.540173808953607,2,13,2,3,3,5,0
2024-03-21 02:00:00,2,3,21,0,0,15.0,1,7,1,1,3,1,1
2024-03-21 03:00:00,3,3,21,0,0,16.929569465713804,1,12,1,5,1,3,2
2024-03-21 04:00:00,4,3,21,0,0,22.392772080660652,0,11,4,2,1,3,1
2024-03-21 05:00:00,5,3,21,0,0,15.0,2,11,5,1,5,0,0
2024-03-21 06:00:00,6,3,21,0,0,15.0,1,29,8,1,8,2,10
2024-03-21 07:00:00,7,3,21,0,0,15.192643718339417,0,48,21,13,0,11,3
2024-03-21 08:00:00,8,3,21,0,0,19.31493844200404,0,88,35,40,10,2,1
2024-03-21 09:00:00,9,3,21,0,0,21.849189519163183,2,79,25,34,7,5,8
2024-03-21 10:00:00,10,3,21,0,0,15.0,0,107,11,52,15,13,16
2024-03-21 11:00:00,11,3,21,0,0,17.39048496094413,3,121,33,41,18,18,11
2024-03-21 12:00:00,12,3,21,0,0,15.0,1,187,44,49,88,5,1
2024-03-21 13:00:00,13,3,21,0,0,15.511554193236353,1,159,27,43,15,39,35
2024-03-21 14:00:00,14,3,21,0,0,23.72798150652671,0,108,9,61,8,15,15
2024-03-21 15:00:00,15,3,21,0,0,15.0,0,90,26,22,4,24,14
2024-03-21 16:00:00,16,3,21,0,0,16.489380438815846,2,62,16,19,16,11,0
2024-03-21 17:00:00,17,3,21,0,0,17.09890383547606,0,100,19,22,17,33,9
2024-03-21 18:00:00,18,3,21,0,0,18.921554709846028,1,135,47,56,3,13,16
2024-03-21 19:00:00,19,3,21,0,0,15.92722756792871,0,203,37,74,76,7,9
2024-03-21 20:00:00,20,3,21,0,0,16.52722541065323,0,200,88,26,10,73,3
2024-03-21 21:00:00,21,3,21,0,0,15.0,0,139,48,4,33,40,14
2024-03-21 22:00:00,22,3,21,0,0,16.35219506774215,1,91,23,16,19,4,29
2024-03-21 23:00:00,23,3,21,0,0,15.0,3,40,23,4,8,5,0
2024-03-22 00:00:00,0,4,22,0,0,17.35415050661662,0,32,10,6,7,5,4
2024-03-22 01:00:00,1,4,22,0,0,15.0,0,21,2,6,9,3,1
2024-03-22 02:00:00,2,4,22,0,0,16.56825362207621,0,12,2,3,2,5,0
2024-03-22 03:00:00,3,4,22,0,0,15.324014210263137,1,5,1,0,1,2,1
2024-03-22 04:00:00,4,4,22,0,0,18.765533792933322,0,7,1,6,0,0,0
2024-03-22 05:00:00,5,4,22,0,0,15.209514297148315,2,18,6,2,6,4,0
2024-03-22 06:00:00,6,4,22,0,0,15.0,1,40,15,6,5,9,5
2024-03-22 07:00:00,7,4,22,0,0,19.104288098360904,1,61,8,7,8,4,34
2024-03-22 08:00:00,8,4,22,0,0,15.0,0,63,10,11,9,21,12
2024-03-22 09:00:00,9,4,22,0,0,15.0,3,61,22,26,0,13,0
2024-03-22 10:00:00,10,4,22,0,0,15.0,0,116,21,29,60,1,5
2024-03-22 11:00:00,11,4,22,0,0,19.360354208313122,0,164,44,48,21,34,17
2024-03-22 12:00:00,12,4,22,0,0,15.0,1,163,68,18,4,39,34
2024-03-22 13:00:00,13,4,22,0,0,24.61399855477169,1,182,44,27,7,20,84
2024-03-22 14:00:00,14,4,22,0,0,18.35189859272152,0,116,80,18,10,6,2
2024-03-22 15:00:00,15,4,22,0,0,15.837167666747932,0,78,43,21,9,5,0
2024-03-22 16:00:00,16,4,22,0,0,15.0,1,82,18,20,17,16,11
2024-03-22 17:00:00,17,4,22,0,0,15.993806209200658,0,105,46,16,20,8,15
2024-03-22 18:00:00,18,4,22,0,0,16.686483879186635,2,106,39,28,34,4,1
2024-03-22 19:00:00,19,4,22,0,0,17.045488124231007,1,192,43,51,23,70,5
2024-03-22 20:00:00,20,4,22,0,0,16.764132710594644,0,216,64,47,59,6,40
2024-03-22 21:00:00,21,4,22,0,0,15.35429343002764,0,142,30,2,37,52,21
2024-03-22 22:00:00,22,4,22,0,0,15.0,0,101,21,30,3,14,33
2024-03-22 23:00:00,23,4,22,0,0,15.0,1,45,11,18,3,3,10
2024-03-23 00:00:00,0,5,23,1,0,15.0,1,28,10,12,4,0,2
2024-03-23 01:00:00,1,5,23,1,0,18.447348306929406,0,23,8,3,4,1,7
2024-03-23 02:00:00,2,5,23,1,0,16.81872318592513,1,12,4,7,1,0,0
2024-03-23 03:00:00,3,5,23,1,0,15.0,4,9,0,5,0,1,3
2024-03-23 04:00:00,4,5,23,1,0,16.99206182699104,0,11,1,4,3,2,1
2024-03-23 05:00:00,5,5,23,1,0,15.602860599937657,2,20,10,2,3,4,1
2024-03-23 06:00:00,6,5,23,1,0,15.0,0,39,5,18,5,2,9
2024-03-23 07:00:00,7,5,23,1,0,15.0,0,70,35,19,9,6,1
2024-03-23 08:00:00,8,5,23,1,0,18.378429889767084,0,99,33,11,8,7,40
2024-03-23 09:00:00,9,5,23,1,0,17.846006136613,0,135,26,35,42,4,28
2024-03-23 10:00:00,10,5,23,1,0,15.0,0,113,45,25,28,14,1
2024-03-23 11:00:00,11,5,23,1,0,16.22153763073189,0,174,88,31,10,28,17
2024-03-23 12:00:00,12,5,23,1,0,15.0,2,185,89,10,47,26,13
2024-03-23 13:00:00,13,5,23,1,0,15.0,2,140,31,11,54,15,29
2024-03-23 14:00:00,14,5,23,1,0,15.0,1,126,38,27,37,16,8
2024-03-23 15:00:00,15,5,23,1,0,17.590607167392704,0,128,25,39,19,33,12
2024-03-23 16:00:00,16,5,23,1,0,17.865466865937304,0,99,40,26,13,15,5
2024-03-23 17:00:00,17,5,23,1,0,16.5487740444733,0,94,35,49,0,9,1
2024-03-23 18:00:00,18,5,23,1,0,17.188992012998252,1,153,36,28,78,7,4
2024-03-23 19:00:00,19,5,23,1,0,16.567186877126204,2,201,32,41,106,0,22
2024-03-23 20:00:00,20,5,23,1,0,15.0,0,217,30,60,117,6,4
2024-03-23 21:00:00,21,5,23,1,0,16.32659429669054,0,137,61,36,17,2,21
2024-03-23 22:00:00,22,5,23,1,0,17.439281594765593,1,116,20,22,45,4,25
2024-03-23 23:00:00,23,5,23,1,0,17.308912005768935,0,76,20,21,21,13,1
2024-03-24 00:00:00,0,6,24,1,0,18.621521160741192,0,40,22,6,4,6,2
2024-03-24 01:00:00,1,6,24,1,0,17.189192984837316,1,23,11,2,0,6,4
2024-03-24 02:00:00,2,6,24,1,0,16.12888310621153,1,4,1,2,0,0,1
2024-03-24 03:00:00,3,6,24,1,0,18.296002101211176,0,7,1,1,2,3,0
2024-03-24 04:00:00,4,6,24,1,0,15.017755534837116,0,11,6,0,2,0,3
2024-03-24 05:00:00,5,6,24,1,0,15.0,4,14,7,3,1,3,0
2024-03-24 06:00:00,6,6,24,1,0,15.0,0,45,4,19,12,0,10
2024-03-24 07:00:00,7,6,24,1,0,15.0,0,64,36,4,1,17,6
2024-03-24 08:00:00,8,6,24,1,0,15.0,0,97,20,41,22,7,7
2024-03-24 09:00:00,9,6,24,1,0,15.0,0,98,15,11,22,32,18
2024-03-24 10:00:00,10,6,24,1,0,15.0,0,144,19,72,42,3,8
2024-03-24 11:00:00,11,6,24,1,0,15.0,2,146,15,12,86,33,0
2024-03-24 12:00:00,12,6,24,1,0,15.0,0,221,112,27,30,16,36
2024-03-24 13:00:00,13,6,24,1,0,15.876921050919481,0,205,171,14,16,1,3
2024-03-24 14:00:00,14,6,24,1,0,15.259915778234316,1,118,18,8,63,24,5
2024-03-24 15:00:00,15,6,24,1,0,15.0,1,110,37,17,25,4,27
2024-03-24 16:00:00,16,6,24,1,0,17.274779742537252,2,95,34,26,5,26,4
2024-03-24 17:00:00,17,6,24,1,0,18.13123400909859,2,97,18,15,20,23,21
2024-03-24 18:00:00,18,6,24,1,0,15.0,0,178,59,38,40,18,23
2024-03-24 19:00:00,19,6,24,1,0,15.0,1,212,40,88,9,56,19
2024-03-24 20:00:00,20,6,24,1,0,15.0,0,213,42,87,53,14,17
2024-03-24 21:00:00,21,6,24,1,0,15.0,3,130,44,27,35,10,14
2024-03-24 22:00:00,22,6,24,1,0,17.92537696616488,0,75,24,13,9,29,0
2024-03-24 23:00:00,23,6,24,1,0,15.0,3,48,11,5,23,3,6
2024-03-25 00:00:00,0,0,25,0,0,15.0,1,23,6,4,7,3,3
2024-03-25 01:00:00,1,0,25,0,0,15.0,0,16,3,7,5,1,0
2024-03-25 02:00:00,2,0,25,0,0,17.451068334634506,1,7,4,1,0,1,1
2024-03-25 03:00:00,3,0,25,0,0,15.0,4,8,4,3,1,0,0
2024-03-25 04:00:00,4,0,25,0,0,15.782871682939893,2,7,1,1,3,0,2
2024-03-25 05:00:00,5,0,25,0,0,16.465408921390594,0,27,3,12,2,4,6
2024-03-25 06:00:00,6,0,25,0,0,19.746171522543932,1,39,6,8,2,18,5
2024-03-25 07:00:00,7,0,25,0,0,15.0,0,53,8,31,7,2,5
2024-03-25 08:00:00,8,0,25,0,0,15.0,0,78,21,23,13,20,1
2024-03-25 09:00:00,9,0,25,0,0,16.312753309148217,0,93,34,11,13,27,8
2024-03-25 10:00:00,10,0,25,0,0,21.19648501000816,0,118,35,40,34,4,5
2024-03-25 11:00:00,11,0,25,0,0,19.546238314967066,2,140,74,34,18,8,6
2024-03-25 12:00:00,12,0,25,0,0,16.493523669397867,0,171,73,22,6,23,47
2024-03-25 13:00:00,13,0,25,0,0,15.0,2,144,50,48,31,8,7
2024-03-25 14:00:00,14,0,25,0,0,18.358289919545424,0,116,37,24,29,21,5
2024-03-25 15:00:00,15,0,25,0,0,15.0,0,89,10,47,10,20,2
2024-03-25 16:00:00,16,0,25,0,0,17.44113284507699,0,79,30,26,9,3,11
2024-03-25 17:00:00,17,0,25,0,0,17.567066861479624,0,98,49,16,24,4,5
2024-03-25 18:00:00,18,0,25,0,0,19.27056448061296,0,144,33,24,32,8,47
2024-03-25 19:00:00,19,0,25,0,0,24.40887178495102,0,200,83,49,14,5,49
2024-03-25 20:00:00,20,0,25,0,0,17.347771972947026,1,168,28,91,17,15,17
2024-03-25 21:00:00,21,0,25,0,0,15.0,0,161,24,79,29,17,12
2024-03-25 22:00:00,22,0,25,0,0,16.177079992030066,0,104,32,37,11,9,15
2024-03-25 23:00:00,23,0,25,0,0,15.0,0,51,13,28,6,4,0
2024-03-26 00:00:00,0,1,26,0,0,15.0,2,19,3,3,6,0,7
2024-03-26 01:00:00,1,1,26,0,0,15.155861081245439,2,22,5,4,3,10,0
2024-03-26 02:00:00,2,1,26,0,0,15.0,0,10,3,1,2,0,4
2024-03-26 03:00:00,3,1,26,0,0,16.93066297256025,0,3,0,1,2,0,0
2024-03-26 04:00:00,4,1,26,0,0,15.0,0,14,3,3,1,4,3
2024-03-26 05:00:00,5,1,26,0,0,19.929177543844553,3,12,4,4,2,1,1
2024-03-26 06:00:00,6,1,26,0,0,16.613915515300356,0,30,8,8,8,0,6
2024-03-26 07:00:00,7,1,26,0,0,16.633240815912433,0,45,11,15,7,1,11
2024-03-26 08:00:00,8,1,26,0,0,15.725940124910828,0,69,19,39,6,1,4
2024-03-26 09:00:00,9,1,26,0,0,17.224310165356787,0,111,53,17,20,10,11
2024-03-26 10:00:00,10,1,26,0,0,19.283774351112978,0,120,22,36,13,42,7
2024-03-26 11:00:00,11,1,26,0,0,15.0,1,134,58,22,22,5,27
2024-03-26 12:00:00,12,1,26,0,0,15.0,0,194,96,13,6,47,32
2024-03-26 13:00:00,13,1,26,0,0,16.050253307497826,1,136,29,34,20,40,13
2024-03-26 14:00:00,14,1,26,0,0,15.0,0,103,21,35,5,39,3
2024-03-26 15:00:00,15,1,26,0,0,15.0,0,91,35,15,23,0,18
2024-03-26 16:00:00,16,1,26,0,0,15.691229843298798,2,83,24,15,16,19,9
2024-03-26 17:00:00,17,1,26,0,0,19.797085973614042,0,72,31,14,21,5,1
2024-03-26 18:00:00,18,1,26,0,0,18.016224372436053,2,119,29,19,17,45,9
2024-03-26 19:00:00,19,1,26,0,0,17.86452390022543,1,184,112,34,19,14,5
2024-03-26 20:00:00,20,1,26,0,0,19.892249455314136,0,183,68,39,27,41,8
2024-03-26 21:00:00,21,1,26,0,0,16.983824978801486,3,100,60,4,2,29,5
2024-03-26 22:00:00,22,1,26,0,0,18.624298747558942,0,90,18,35,34,1,2
2024-03-26 23:00:00,23,1,26,0,0,17.200777533312493,2,48,14,5,11,18,0
2024-03-27 00:00:00,0,2,27,0,0,18.36463879342493,0,33,12,6,14,1,0
2024-03-27 01:00:00,1,2,27,0,0,15.878950659064008,2,13,4,5,2,2,0
2024-03-27 02:00:00,2,2,27,0,0,15.0,0,13,2,5,2,3,1
2024-03-27 03:00:00,3,2,27,0,0,17.343418803318198,1,10,8,2,0,0,0
2024-03-27 04:00:00,4,2,27,0,0,22.074846404913302,1,8,3,1,3,1,0
2024-03-27 05:00:00,5,2,27,0,0,20.64614171518294,2,14,3,3,8,0,0
2024-03-27 06:00:00,6,2,27,0,0,20.825124641908026,2,36,17,6,9,3,1
2024-03-27 07:00:00,7,2,27,0,0,21.699299522420144,2,41,26,4,5,6,0
2024-03-27 08:00:00,8,2,27,0,0,18.319389068294324,2,76,20,16,17,17,6
2024-03-27 09:00:00,9,2,27,0,0,18.708401365279236,0,114,48,2,51,2,11
2024-03-27 10:00:00,10,2,27,0,0,16.327060713071962,0,118,45,38,25,6,4
2024-03-27 11:00:00,11,2,27,0,0,17.295879355762228,0,173,23,98,26,5,21
2024-03-27 12:00:00,12,2,27,0,0,20.156007385724834,0,184,72,54,5,37,16
2024-03-27 13:00:00,13,2,27,0,0,21.985452829349047,0,191,56,80,5,41,9
2024-03-27 14:00:00,14,2,27,0,0,18.021070883051912,1,109,17,15,35,30,12
2024-03-27 15:00:00,15,2,27,0,0,17.15495172214392,0,90,26,41,16,2,5
2024-03-27 16:00:00,16,2,27,0,0,18.5737077797044,1,75,18,2,1,52,2
2024-03-27 17:00:00,17,2,27,0,0,20.44283804400969,0,85,13,25,15,6,26
2024-03-27 18:00:00,18,2,27,0,0,15.0,0,141,16,67,39,8,11
2024-03-27 19:00:00,19,2,27,0,0,15.0,1,181,35,40,36,25,45
2024-03-27 20:00:00,20,2,27,0,0,17.191774698268652,1,186,91,19,15,37,24
2024-03-27 21:00:00,21,2,27,0,0,15.250248432170311,1,130,56,34,28,1,11
2024-03-27 22:00:00,22,2,27,0,0,17.457429175537587,1,79,31,36,0,6,6
2024-03-27 23:00:00,23,2,27,0,0,18.60843117603416,0,44,11,2,19,11,1
2024-03-28 00:00:00,0,3,28,0,0,17.76240225000622,1,27,5,14,8,0,0
2024-03-28 01:00:00,1,3,28,0,0,23.55037304630284,0,21,1,7,10,3,0
2024-03-28 02:00:00,2,3,28,0,0,20.244469930296482,0,9,1,5,1,2,0
2024-03-28 03:00:00,3,3,28,0,0,20.237360709584152,0,13,7,2,1,1,2
2024-03-28 04:00:00,4,3,28,0,0,21.274692397422744,0,9,6,0,0,2,1
2024-03-28 05:00:00,5,3,28,0,0,16.064130793537128,0,17,9,1,6,0,1
2024-03-28 06:00:00,6,3,28,0,0,22.670945012110533,3,26,9,6,10,1,0
2024-03-28 07:00:00,7,3,28,0,0,19.39971105692539,3,50,6,15,2,21,6
2024-03-28 08:00:00,8,3,28,0,0,21.712249209391608,0,75,32,15,9,16,3
2024-03-28 09:00:00,9,3,28,0,0,16.55944265372004,0,111,6,30,24,44,7
2024-03-28 10:00:00,10,3,28,0,0,15.188342952851272,0,106,47,7,34,3,15
2024-03-28 11:00:00,11,3,28,0,0,22.378285344468033,0,179,9,22,57,51,40
2024-03-28 12:00:00,12,3,28,0,0,21.12922857829255,2,168,37,62,55,10,4
2024-03-28 13:00:00,13,3,28,0,0,17.36960973589281,0,167,70,14,21,20,42
2024-03-28 14:00:00,14,3,28,0,0,17.542914553712535,1,119,27,17,48,26,1
2024-03-28 15:00:00,15,3,28,0,0,23.604716750648223,0,92,4,16,37,30,5
2024-03-28 16:00:00,16,3,28,0,0,16.73704869353912,3,68,32,13,20,3,0
2024-03-28 17:00:00,17,3,28,0,0,25.310532727417538,0,97,26,29,33,7,2
2024-03-28 18:00:00,18,3,28,0,0,17.758232798660927,1,142,38,44,20,6,34
2024-03-28 19:00:00,19,3,28,0,0,22.453197645727073,0,208,35,78,23,42,30
2024-03-28 20:00:00,20,3,28,0,0,19.630433104862263,1,196,68,56,49,12,11
2024-03-28 21:00:00,21,3,28,0,0,22.50445132516408,0,154,48,80,8,12,6
2024-03-28 22:00:00,22,3,28,0,0,19.14147537625041,0,109,32,55,11,7,4
2024-03-28 23:00:00,23,3,28,0,0,20.36468885522072,2,65,10,9,25,9,12
2024-03-29 00:00:00,0,4,29,0,0,21.055391095429165,2,23,11,3,5,2,2
2024-03-29 01:00:00,1,4,29,0,0,18.005946943403103,2,13,2,6,3,2,0
2024-03-29 02:00:00,2,4,29,0,0,23.315161751367633,1,10,3,0,2,5,0
2024-03-29 03:00:00,3,4,29,0,0,19.633524976934353,2,7,2,3,0,2,0
2024-03-29 04:00:00,4,4,29,0,0,20.568134319820807,0,7,2,3,0,2,0
2024-03-29 05:00:00,5,4,29,0,0,18.351939608931485,0,18,3,1,9,0,5
2024-03-29 06:00:00,6,4,29,0,0,15.0,0,37,11,8,10,0,8
2024-03-29 07:00:00,7,4,29,0,0,20.924842899604805,1,56,19,11,4,4,18
2024-03-29 08:00:00,8,4,29,0,0,28.817644831582058,0,55,15,21,14,4,1
2024-03-29 09:00:00,9,4,29,0,0,24.015744271356336,0,98,48,19,9,8,14
2024-03-29 10:00:00,10,4,29,0,0,21.686537316225238,1,115,28,38,20,14,15
2024-03-29 11:00:00,11,4,29,0,0,21.03828094832427,2,145,29,71,13,18,14
2024-03-29 12:00:00,12,4,29,0,0,21.977227734686643,0,196,108,22,16,46,4
2024-03-29 13:00:00,13,4,29,0,0,23.634299350482888,0,209,51,77,54,6,21
2024-03-29 14:00:00,14,4,29,0,0,18.533844506846098,0,119,84,25,4,3,3
2024-03-29 15:00:00,15,4,29,0,0,25.502811636967365,0,85,11,31,10,12,21
2024-03-29 16:00:00,16,4,29,0,0,24.389770388153728,0,88,17,22,6,26,17
2024-03-29 17:00:00,17,4,29,0,0,24.482173416341233,1,115,36,52,15,6,6
2024-03-29 18:00:00,18,4,29,0,0,23.72723676540395,1,144,20,54,34,21,15
2024-03-29 19:00:00,19,4,29,0,0,22.555049932537546,1,198,35,19,50,58,36
2024-03-29 20:00:00,20,4,29,0,0,24.59936475190375,0,203,40,40,89,15,19
2024-03-29 21:00:00,21,4,29,0,0,24.440988762665057,2,117,71,19,2,4,21
2024-03-29 22:00:00,22,4,29,0,0,21.688367323738273,0,118,30,29,26,1,32
2024-03-29 23:00:00,23,4,29,0,0,21.114798541928234,0,56,18,20,4,9,5
2024-03-30 00:00:00,0,5,30,1,0,23.22645197760835,2,36,5,8,5,8,10
2024-03-30 01:00:00,1,5,30,1,0,27.653381110313582,0,29,5,10,2,9,3
2024-03-30 02:00:00,2,5,30,1,0,19.374588819272823,0,16,9,2,2,3,0
2024-03-30 03:00:00,3,5,30,1,0,18.77506894782119,2,8,3,0,0,3,2
2024-03-30 04:00:00,4,5,30,1,0,23.757800747040243,0,16,8,0,2,2,4
2024-03-30 05:00:00,5,5,30,1,0,23.502187046961247,1,17,9,3,4,0,1
2024-03-30 06:00:00,6,5,30,1,0,23.9556803427089,0,56,13,14,10,18,1
2024-03-30 07:00:00,7,5,30,1,0,24.253765482429394,1,70,32,17,11,10,0
2024-03-30 08:00:00,8,5,30,1,0,22.938662226494902,0,81,23,28,9,16,5
2024-03-30 09:00:00,9,5,30,1,0,28.164328393605718,0,135,32,60,13,15,15
2024-03-30 10:00:00,10,5,30,1,0,18.978594630518977,1,131,10,6,24,74,17
2024-03-30 11:00:00,11,5,30,1,0,21.382476787980167,0,205,92,51,16,27,19
2024-03-30 12:00:00,12,5,30,1,0,23.64495108687631,0,231,80,111,31,2,7
2024-03-30 13:00:00,13,5,30,1,0,19.111976041335257,0,213,57,63,34,29,30
2024-03-30 14:00:00,14,5,30,1,0,23.600879359227214,0,132,20,50,51,10,1
2024-03-30 15:00:00,15,5,30,1,0,29.199819539905594,0,113,65,4,16,7,21
2024-03-30 16:00:00,16,5,30,1,0,24.365094727446635,0,106,34,36,2,16,18
2024-03-30 17:00:00,17,5,30,1,0,25.081617321807496,2,101,30,2,27,29,13
2024-03-30 18:00:00,18,5,30,1,0,20.69614614205281,0,160,14,62,70,5,9
2024-03-30 19:00:00,19,5,30,1,0,22.71472190222821,0,271,91,79,56,41,4
2024-03-30 20:00:00,20,5,30,1,0,23.525415892003192,0,245,98,36,87,7,17
2024-03-30 21:00:00,21,5,30,1,0,23.78508522665256,0,177,64,24,22,38,29
2024-03-30 22:00:00,22,5,30,1,0,28.670407320638475,2,95,17,44,20,0,14
2024-03-30 23:00:00,23,5,30,1,0,26.585807827191648,0,62,19,12,24,7,0
